DateTime,RTD1_(C),RTD2_(C),RTD3_(C)
1970-01-01 0:00,26.44,24.79,24.55
1970-01-01 0:00,26.44,24.79,24.52
1970-01-01 0:00,26.99,24.82,24.55
1970-01-01 0:00,27.6,24.79,24.55
1970-01-01 0:00,28.21,24.82,24.55
1970-01-01 0:00,28.78,24.82,24.58
1970-01-01 0:00,29.25,24.82,24.55
1970-01-01 0:00,29.59,24.82,24.55
1970-01-01 0:00,29.86,24.82,24.58
1970-01-01 0:00,30.07,24.82,24.58
1970-01-01 0:00,30.24,24.85,24.58
1970-01-01 0:00,30.37,24.85,24.58
1970-01-01 0:00,30.51,25.02,24.58
1970-01-01 0:00,30.54,25.97,24.58
1970-01-01 0:00,30.54,27.12,24.62
1970-01-01 0:00,30.47,28,24.58
1970-01-01 0:00,30.37,28.71,24.62
1970-01-01 0:00,30.27,29.29,24.58
1970-01-01 0:00,30.14,29.76,24.58
1970-01-01 0:00,30.03,30.1,24.58
1970-01-01 0:00,29.9,30.37,24.62
1970-01-01 0:00,29.76,30.51,24.65
1970-01-01 0:00,29.66,30.51,24.92
1970-01-01 0:00,29.59,30.47,25.36
1970-01-01 0:00,29.42,30.37,25.87
1970-01-01 0:00,29.36,30.24,26.34
1970-01-01 0:00,29.25,30.1,26.85
1970-01-01 0:00,29.19,30,27.32
1970-01-01 0:00,29.09,29.86,27.76
1970-01-01 0:00,28.98,29.73,28.14
1970-01-01 0:00,28.92,29.59,28.48
1970-01-01 0:00,28.81,29.49,28.78
1970-01-01 0:00,28.75,29.36,29.05
1970-01-01 0:01,28.65,29.25,29.29
1970-01-01 0:01,28.58,29.15,29.49
1970-01-01 0:01,28.51,29.05,29.7
1970-01-01 0:01,28.44,28.95,29.83
1970-01-01 0:01,28.37,28.85,29.97
1970-01-01 0:01,28.31,28.75,30.1
1970-01-01 0:01,28.21,28.68,30.27
1970-01-01 0:01,28.14,28.58,30.37
1970-01-01 0:01,28.07,28.51,30.41
1970-01-01 0:01,28,28.41,30.41
1970-01-01 0:01,27.93,28.31,30.37
1970-01-01 0:01,27.9,28.24,30.34
1970-01-01 0:01,27.83,28.14,30.24
1970-01-01 0:01,27.76,28.07,30.17
1970-01-01 0:01,27.7,28,30.1
1970-01-01 0:01,27.63,27.93,30
1970-01-01 0:01,27.56,27.87,29.93
1970-01-01 0:01,27.53,27.8,29.83
1970-01-01 0:01,27.46,27.7,29.76
1970-01-01 0:01,27.39,27.66,29.63
1970-01-01 0:01,27.39,27.6,29.59
1970-01-01 0:01,27.32,27.56,29.53
1970-01-01 0:01,27.29,27.49,29.39
1970-01-01 0:01,27.22,27.43,29.32
1970-01-01 0:01,27.19,27.39,29.25
1970-01-01 0:01,27.16,27.32,29.19
1970-01-01 0:01,27.09,27.26,29.09
1970-01-01 0:01,27.05,27.22,28.98
1970-01-01 0:01,27.02,27.16,28.92
1970-01-01 0:01,26.95,27.09,28.85
1970-01-01 0:01,26.92,27.09,28.78
1970-01-01 0:01,26.88,27.02,28.71
1970-01-01 0:01,26.85,26.95,28.65
1970-01-01 0:01,26.78,26.92,28.58
1970-01-01 0:01,26.78,26.88,28.51
1970-01-01 0:02,26.72,26.85,28.41
1970-01-01 0:02,26.72,26.82,28.34
1970-01-01 0:02,26.65,26.78,28.27
1970-01-01 0:02,26.61,26.75,28.24
1970-01-01 0:02,26.58,26.72,28.14
1970-01-01 0:02,26.55,26.68,28.07
1970-01-01 0:02,26.51,26.61,28.04
1970-01-01 0:02,26.48,26.61,28
1970-01-01 0:02,26.44,26.55,27.9
1970-01-01 0:02,26.41,26.51,27.87
1970-01-01 0:02,26.38,26.48,27.83
1970-01-01 0:02,26.38,26.44,27.73
1970-01-01 0:02,26.31,26.44,27.7
1970-01-01 0:02,26.31,26.41,27.66
1970-01-01 0:02,26.28,26.38,27.6
1970-01-01 0:02,26.28,26.34,27.56
1970-01-01 0:02,26.21,26.34,27.49
1970-01-01 0:02,26.21,26.28,27.46
1970-01-01 0:02,26.14,26.24,27.39
1970-01-01 0:02,26.14,26.21,27.36
1970-01-01 0:02,26.14,26.17,27.29
1970-01-01 0:02,26.38,26.21,27.32
1970-01-01 0:02,26.78,26.28,27.46
1970-01-01 0:02,27.29,26.51,27.73
1970-01-01 0:02,27.76,26.85,27.97
1970-01-01 0:02,28.17,27.19,28.17
1970-01-01 0:02,28.48,27.53,28.41
1970-01-01 0:02,28.78,27.9,28.65
1970-01-01 0:02,29.02,28.27,28.78
1970-01-01 0:02,29.19,28.61,28.95
1970-01-01 0:02,29.39,28.85,29.09
1970-01-01 0:02,29.53,29.02,29.22
1970-01-01 0:02,29.66,29.22,29.36
1970-01-01 0:02,29.73,29.39,29.42
1970-01-01 0:02,29.86,29.46,29.56
1970-01-01 0:02,29.93,29.59,29.63
1970-01-01 0:03,30,29.66,29.7
1970-01-01 0:03,30.03,29.76,29.73
1970-01-01 0:03,30.14,29.83,29.8
1970-01-01 0:03,30.2,29.97,29.86
1970-01-01 0:03,30.27,30.03,29.93
1970-01-01 0:03,30.3,30.17,30
1970-01-01 0:03,30.37,30.24,30.03
1970-01-01 0:03,30.37,30.24,30.07
1970-01-01 0:03,30.37,30.14,30.07
1970-01-01 0:03,30.3,30.07,30.03
1970-01-01 0:03,30.27,29.9,30
1970-01-01 0:03,30.24,29.76,29.93
1970-01-01 0:03,30.14,29.63,29.9
1970-01-01 0:03,30.07,29.53,29.83
1970-01-01 0:03,30,29.39,29.76
1970-01-01 0:03,29.93,29.25,29.7
1970-01-01 0:03,29.83,29.15,29.63
1970-01-01 0:03,29.76,29.05,29.53
1970-01-01 0:03,29.7,28.95,29.46
1970-01-01 0:03,29.59,28.85,29.42
1970-01-01 0:03,29.56,28.75,29.32
1970-01-01 0:03,29.46,28.65,29.25
1970-01-01 0:03,29.42,28.54,29.22
1970-01-01 0:03,29.32,28.48,29.09
1970-01-01 0:03,29.29,28.37,29.09
1970-01-01 0:03,29.19,28.27,28.98
1970-01-01 0:03,29.12,28.24,28.92
1970-01-01 0:03,29.05,28.17,28.85
1970-01-01 0:03,28.98,28.07,28.78
1970-01-01 0:03,28.88,28,28.71
1970-01-01 0:03,28.88,27.9,28.65
1970-01-01 0:03,28.78,27.87,28.58
1970-01-01 0:03,28.71,27.76,28.51
1970-01-01 0:03,28.65,27.73,28.44
1970-01-01 0:03,28.58,27.63,28.41
1970-01-01 0:03,28.51,27.56,28.31
1970-01-01 0:04,28.44,27.53,28.24
1970-01-01 0:04,28.41,27.49,28.21
1970-01-01 0:04,28.34,27.43,28.14
1970-01-01 0:04,28.31,27.36,28.07
1970-01-01 0:04,28.24,27.32,28.04
1970-01-01 0:04,28.17,27.26,27.97
1970-01-01 0:04,28.14,27.22,27.93
1970-01-01 0:04,28.07,27.12,27.87
1970-01-01 0:04,27.97,27.12,27.83
1970-01-01 0:04,27.93,27.05,27.76
1970-01-01 0:04,27.9,27.02,27.7
1970-01-01 0:04,27.83,26.99,27.66
1970-01-01 0:04,27.76,26.92,27.63
1970-01-01 0:04,27.7,26.88,27.56
1970-01-01 0:04,27.66,26.85,27.53
1970-01-01 0:04,27.63,26.82,27.49
1970-01-01 0:04,27.56,26.75,27.46
1970-01-01 0:04,27.53,26.75,27.43
1970-01-01 0:04,27.49,26.72,27.36
1970-01-01 0:04,27.43,26.68,27.32
1970-01-01 0:04,27.36,26.61,27.26
1970-01-01 0:04,27.32,26.58,27.22
1970-01-01 0:04,27.29,26.55,27.16
1970-01-01 0:04,27.22,26.51,27.12
1970-01-01 0:04,27.19,26.48,27.09
1970-01-01 0:04,27.16,26.44,27.05
1970-01-01 0:04,27.16,26.41,27.02
1970-01-01 0:04,27.09,26.38,26.99
1970-01-01 0:04,27.05,26.38,26.95
1970-01-01 0:04,26.99,26.34,26.92
1970-01-01 0:04,26.99,26.31,26.88
1970-01-01 0:04,26.92,26.28,26.82
1970-01-01 0:04,26.88,26.24,26.82
1970-01-01 0:04,26.85,26.24,26.75
1970-01-01 0:04,26.85,26.21,26.75
1970-01-01 0:05,26.78,26.17,26.72
1970-01-01 0:05,26.75,26.14,26.68
1970-01-01 0:05,26.72,26.11,26.68
1970-01-01 0:05,26.68,26.11,26.61
1970-01-01 0:05,26.68,26.07,26.61
1970-01-01 0:05,26.65,26.07,26.58
1970-01-01 0:05,26.61,26.04,26.55
1970-01-01 0:05,26.58,26,26.48
1970-01-01 0:05,26.51,25.97,26.48
1970-01-01 0:05,26.51,25.97,26.44
1970-01-01 0:05,26.48,25.97,26.41
1970-01-01 0:05,26.44,25.9,26.34
1970-01-01 0:05,26.41,25.9,26.34
1970-01-01 0:05,26.41,25.9,26.28
1970-01-01 0:05,26.38,25.9,26.28
1970-01-01 0:05,26.34,25.87,26.24
1970-01-01 0:05,26.31,25.87,26.21
1970-01-01 0:05,26.31,25.87,26.17
1970-01-01 0:05,26.28,25.84,26.17
1970-01-01 0:05,26.21,25.8,26.14
1970-01-01 0:05,26.24,25.8,26.07
1970-01-01 0:05,26.17,25.77,26.07
1970-01-01 0:05,26.17,25.77,26.04
1970-01-01 0:05,26.17,25.73,26.04
1970-01-01 0:05,26.14,25.73,26
1970-01-01 0:05,26.11,25.7,25.97
1970-01-01 0:05,26.07,25.7,25.94
1970-01-01 0:05,26.07,25.7,25.94
1970-01-01 0:05,26.04,25.67,25.9
1970-01-01 0:05,26,25.67,25.87
1970-01-01 0:05,26,25.63,25.87
1970-01-01 0:05,25.97,25.63,25.87
1970-01-01 0:05,25.94,25.63,25.84
1970-01-01 0:05,25.94,25.63,25.8
1970-01-01 0:05,25.94,25.6,25.8
1970-01-01 0:05,25.9,25.57,25.77
1970-01-01 0:06,25.87,25.6,25.77
1970-01-01 0:06,25.87,25.6,25.7
1970-01-01 0:06,25.84,25.57,25.73
1970-01-01 0:06,25.84,25.53,25.7
1970-01-01 0:06,25.8,25.57,25.67
1970-01-01 0:06,25.8,25.57,25.67
1970-01-01 0:06,25.77,25.53,25.63
1970-01-01 0:06,25.77,25.53,25.63
1970-01-01 0:06,25.77,25.5,25.63
1970-01-01 0:06,25.73,25.5,25.6
1970-01-01 0:06,25.7,25.5,25.6
1970-01-01 0:06,25.7,25.46,25.57
1970-01-01 0:06,25.67,25.46,25.57
1970-01-01 0:06,25.67,25.5,25.53
1970-01-01 0:06,25.67,25.46,25.53
1970-01-01 0:06,25.63,25.46,25.53
1970-01-01 0:06,25.6,25.46,25.5
1970-01-01 0:06,25.6,25.43,25.5
1970-01-01 0:06,25.6,25.43,25.46
1970-01-01 0:06,25.57,25.43,25.43
1970-01-01 0:06,25.57,25.4,25.43
1970-01-01 0:06,25.53,25.43,25.43
1970-01-01 0:06,25.57,25.4,25.4
1970-01-01 0:06,25.53,25.4,25.43
1970-01-01 0:06,25.53,25.4,25.4
1970-01-01 0:06,25.5,25.36,25.36
1970-01-01 0:06,25.5,25.36,25.36
1970-01-01 0:06,25.5,25.4,25.36
1970-01-01 0:06,25.43,25.36,25.36
1970-01-01 0:06,25.46,25.33,25.33
1970-01-01 0:06,25.46,25.36,25.33
1970-01-01 0:06,25.43,25.33,25.29
1970-01-01 0:06,25.43,25.33,25.26
1970-01-01 0:06,25.4,25.33,25.29
1970-01-01 0:06,25.4,25.33,25.26
1970-01-01 0:07,25.4,25.33,25.23
1970-01-01 0:07,25.36,25.29,25.26
1970-01-01 0:07,25.36,25.29,25.26
1970-01-01 0:07,25.36,25.29,25.23
1970-01-01 0:07,25.33,25.29,25.23
1970-01-01 0:07,25.33,25.29,25.23
1970-01-01 0:07,25.33,25.26,25.19
1970-01-01 0:07,25.29,25.29,25.19
1970-01-01 0:07,25.29,25.26,25.19
1970-01-01 0:07,25.29,25.29,25.16
1970-01-01 0:07,25.29,25.23,25.16
1970-01-01 0:07,25.26,25.26,25.16
1970-01-01 0:07,25.26,25.26,25.16
1970-01-01 0:07,25.26,25.26,25.09
1970-01-01 0:07,25.26,25.26,25.16
1970-01-01 0:07,25.26,25.26,25.13
1970-01-01 0:07,25.23,25.23,25.06
1970-01-01 0:07,25.23,25.23,25.13
1970-01-01 0:07,25.23,25.23,25.09
1970-01-01 0:07,25.23,25.23,25.09
1970-01-01 0:07,25.19,25.19,25.06
1970-01-01 0:07,25.23,25.19,25.06
1970-01-01 0:07,25.19,25.19,25.06
1970-01-01 0:07,25.19,25.19,25.06
1970-01-01 0:07,25.19,25.19,25.02
1970-01-01 0:07,25.16,25.23,25.02
1970-01-01 0:07,25.16,25.16,24.99
1970-01-01 0:07,25.16,25.16,25.02
1970-01-01 0:07,25.13,25.19,24.99
1970-01-01 0:07,25.16,25.16,24.99
1970-01-01 0:07,25.16,25.16,24.99
1970-01-01 0:07,25.16,25.19,24.99
1970-01-01 0:07,25.16,25.16,24.99
1970-01-01 0:07,25.13,25.16,24.99
1970-01-01 0:07,25.13,25.16,24.99
1970-01-01 0:07,25.09,25.16,24.99
1970-01-01 0:08,25.09,25.16,24.96
1970-01-01 0:08,25.09,25.16,24.96
1970-01-01 0:08,25.09,25.16,24.96
1970-01-01 0:08,25.09,25.16,24.96
1970-01-01 0:08,25.09,25.13,24.92
1970-01-01 0:08,25.09,25.16,24.92
1970-01-01 0:08,25.06,25.16,24.92
1970-01-01 0:08,25.06,25.13,24.96
1970-01-01 0:08,25.06,25.13,24.92
1970-01-01 0:08,25.06,25.13,24.92
1970-01-01 0:08,25.06,25.13,24.92
1970-01-01 0:08,25.02,25.13,24.92
1970-01-01 0:08,25.06,25.13,24.89
1970-01-01 0:08,25.06,25.13,24.89
1970-01-01 0:08,25.02,25.09,24.92
1970-01-01 0:08,25.02,25.09,24.89
1970-01-01 0:08,25.02,25.09,24.89
1970-01-01 0:08,25.02,25.09,24.89
1970-01-01 0:08,25.02,25.13,24.89
1970-01-01 0:08,24.99,25.09,24.85
1970-01-01 0:08,25.02,25.09,24.85
1970-01-01 0:08,24.99,25.09,24.85
1970-01-01 0:08,25.02,25.09,24.85
1970-01-01 0:08,24.99,25.09,24.85
1970-01-01 0:08,24.99,25.09,24.82
1970-01-01 0:08,24.96,25.06,24.82
1970-01-01 0:08,24.99,25.06,24.85
1970-01-01 0:08,24.99,25.06,24.82
1970-01-01 0:08,24.96,25.06,24.82
1970-01-01 0:08,24.99,25.06,24.82
1970-01-01 0:08,24.99,25.09,24.82
1970-01-01 0:08,24.96,25.06,24.79
1970-01-01 0:08,24.96,25.06,24.79
1970-01-01 0:08,24.96,25.06,24.82
1970-01-01 0:08,24.92,25.06,24.82
1970-01-01 0:09,24.96,25.06,24.79
1970-01-01 0:09,24.92,25.06,24.79
1970-01-01 0:09,24.96,25.06,24.79
1970-01-01 0:09,24.96,25.06,24.79
1970-01-01 0:09,24.96,25.06,24.79
1970-01-01 0:09,24.92,25.06,24.79
1970-01-01 0:09,24.96,25.06,24.79
1970-01-01 0:09,24.96,25.06,24.75
1970-01-01 0:09,24.92,25.06,24.79
1970-01-01 0:09,24.92,25.06,24.79
1970-01-01 0:09,24.92,25.02,24.75
1970-01-01 0:09,24.96,25.06,24.79
1970-01-01 0:09,24.92,25.02,24.79
1970-01-01 0:09,24.92,25.02,24.85
1970-01-01 0:09,25.23,25.16,25.09
1970-01-01 0:09,25.63,25.77,25.43
1970-01-01 0:09,26,26.48,25.9
1970-01-01 0:09,26.48,27.12,26.41
1970-01-01 0:09,26.92,27.56,26.85
1970-01-01 0:09,27.36,27.93,27.26
1970-01-01 0:09,27.7,28.17,27.6
1970-01-01 0:09,28.04,28.41,27.93
1970-01-01 0:09,28.31,28.61,28.14
1970-01-01 0:09,28.54,28.75,28.34
1970-01-01 0:09,28.75,28.88,28.58
1970-01-01 0:09,28.88,29.02,28.71
1970-01-01 0:09,29.02,29.09,28.85
1970-01-01 0:09,29.09,29.19,28.92
1970-01-01 0:09,29.05,29.32,29.05
1970-01-01 0:09,29.02,29.36,29.12
1970-01-01 0:09,28.95,29.39,29.19
1970-01-01 0:09,28.88,29.42,29.25
1970-01-01 0:09,28.78,29.49,29.36
1970-01-01 0:09,28.68,29.53,29.39
1970-01-01 0:09,28.61,29.59,29.46
1970-01-01 0:09,28.54,29.66,29.53
1970-01-01 0:10,28.44,29.7,29.56
1970-01-01 0:10,28.37,29.73,29.59
1970-01-01 0:10,28.31,29.73,29.63
1970-01-01 0:10,28.24,29.76,29.66
1970-01-01 0:10,28.17,29.76,29.7
1970-01-01 0:10,28.1,29.8,29.7
1970-01-01 0:10,28.04,29.76,29.76
1970-01-01 0:10,27.97,29.8,29.76
1970-01-01 0:10,27.9,29.83,29.8
1970-01-01 0:10,27.83,29.86,29.83
1970-01-01 0:10,27.76,29.86,29.83
1970-01-01 0:10,27.73,29.86,29.86
1970-01-01 0:10,27.66,29.86,29.86
1970-01-01 0:10,27.63,29.83,29.86
1970-01-01 0:10,27.56,29.83,29.9
1970-01-01 0:10,27.53,29.8,29.9
1970-01-01 0:10,27.46,29.8,29.93
1970-01-01 0:10,27.39,29.76,29.93
1970-01-01 0:10,27.36,29.7,29.93
1970-01-01 0:10,27.29,29.59,29.9
1970-01-01 0:10,27.26,29.46,29.83
1970-01-01 0:10,27.19,29.29,29.76
1970-01-01 0:10,27.16,29.25,29.66
1970-01-01 0:10,27.09,29.09,29.53
1970-01-01 0:10,27.05,28.98,29.46
1970-01-01 0:10,27.02,28.88,29.36
1970-01-01 0:10,26.95,28.68,29.25
1970-01-01 0:10,26.92,28.51,29.15
1970-01-01 0:10,26.88,28.37,29.09
1970-01-01 0:10,26.85,28.31,29.05
1970-01-01 0:10,26.82,28.34,29.05
1970-01-01 0:10,26.75,28.58,29.22
1970-01-01 0:10,26.75,28.61,29.22
1970-01-01 0:10,26.72,28.54,29.19
1970-01-01 0:10,26.65,28.48,29.15
1970-01-01 0:11,26.61,28.41,29.15
1970-01-01 0:11,26.58,28.37,29.09
1970-01-01 0:11,26.55,28.34,29.05
1970-01-01 0:11,26.55,28.27,29.02
1970-01-01 0:11,26.48,28.21,28.95
1970-01-01 0:11,26.44,28.17,28.92
1970-01-01 0:11,26.41,28.14,28.81
1970-01-01 0:11,26.38,28.1,28.75
1970-01-01 0:11,26.34,28.04,28.71
1970-01-01 0:11,26.34,27.97,28.68
1970-01-01 0:11,26.31,27.93,28.65
1970-01-01 0:11,26.28,27.9,28.58
1970-01-01 0:11,26.24,27.87,28.51
1970-01-01 0:11,26.21,27.8,28.48
1970-01-01 0:11,26.17,27.76,28.41
1970-01-01 0:11,26.17,27.73,28.41
1970-01-01 0:11,26.14,27.66,28.34
1970-01-01 0:11,26.11,27.66,28.27
1970-01-01 0:11,26.07,27.56,28.24
1970-01-01 0:11,26.07,27.56,28.21
1970-01-01 0:11,26.04,27.53,28.14
1970-01-01 0:11,26,27.49,28.14
1970-01-01 0:11,26,27.43,28.07
1970-01-01 0:11,25.97,27.39,28
1970-01-01 0:11,25.94,27.36,27.93
1970-01-01 0:11,25.94,27.32,27.9
1970-01-01 0:11,25.94,27.29,27.87
1970-01-01 0:11,25.9,27.26,27.76
1970-01-01 0:11,25.9,27.19,27.73
1970-01-01 0:11,25.87,27.16,27.7
1970-01-01 0:11,25.8,27.12,27.63
1970-01-01 0:11,25.84,27.09,27.56
1970-01-01 0:11,25.8,27.05,27.53
1970-01-01 0:11,25.77,27.02,27.49
1970-01-01 0:11,25.77,26.99,27.43
1970-01-01 0:11,25.73,26.95,27.39
1970-01-01 0:12,25.73,26.92,27.36
1970-01-01 0:12,25.73,26.92,27.32
1970-01-01 0:12,25.7,26.85,27.26
1970-01-01 0:12,25.67,26.82,27.19
1970-01-01 0:12,25.67,26.78,27.16
1970-01-01 0:12,25.63,26.78,27.12
1970-01-01 0:12,25.63,26.75,27.09
1970-01-01 0:12,25.6,26.68,27.05
1970-01-01 0:12,25.63,26.72,27.02
1970-01-01 0:12,25.63,26.65,26.99
1970-01-01 0:12,25.6,26.61,26.95
1970-01-01 0:12,25.57,26.61,26.92
1970-01-01 0:12,25.57,26.58,26.88
1970-01-01 0:12,25.53,26.58,26.85
1970-01-01 0:12,25.53,26.55,26.82
1970-01-01 0:12,25.53,26.51,26.78
1970-01-01 0:12,25.5,26.48,26.78
1970-01-01 0:12,25.5,26.44,26.72
1970-01-01 0:12,25.5,26.41,26.72
1970-01-01 0:12,25.46,26.41,26.65
1970-01-01 0:12,25.46,26.38,26.65
1970-01-01 0:12,25.46,26.34,26.61
1970-01-01 0:12,25.43,26.31,26.58
1970-01-01 0:12,25.43,26.28,26.55
1970-01-01 0:12,25.43,26.28,26.55
1970-01-01 0:12,25.43,26.24,26.51
1970-01-01 0:12,25.4,26.24,26.48
1970-01-01 0:12,25.4,26.24,26.44
1970-01-01 0:12,25.4,26.21,26.44
1970-01-01 0:12,25.36,26.17,26.38
1970-01-01 0:12,25.36,26.14,26.34
1970-01-01 0:12,25.36,26.14,26.38
1970-01-01 0:12,25.36,26.14,26.31
1970-01-01 0:12,25.33,26.11,26.31
1970-01-01 0:12,25.33,26.07,26.28
1970-01-01 0:12,25.33,26.11,26.24
1970-01-01 0:13,25.33,26.04,26.24
1970-01-01 0:13,25.33,26.07,26.21
1970-01-01 0:13,25.29,26,26.21
1970-01-01 0:13,25.26,26,26.17
1970-01-01 0:13,25.26,25.97,26.14
1970-01-01 0:13,25.29,25.97,26.11
1970-01-01 0:13,25.29,25.97,26.11
1970-01-01 0:13,25.29,25.94,26.11
1970-01-01 0:13,25.23,25.94,26.04
1970-01-01 0:13,25.23,25.94,26
1970-01-01 0:13,25.23,25.87,26.04
1970-01-01 0:13,25.23,25.9,25.97
1970-01-01 0:13,25.23,25.87,25.97
1970-01-01 0:13,25.23,25.84,25.97
1970-01-01 0:13,25.23,25.8,25.97
1970-01-01 0:13,25.23,25.84,26
1970-01-01 0:13,25.19,25.8,26.14
1970-01-01 0:13,25.19,25.8,26.31
1970-01-01 0:13,25.19,25.77,26.51
1970-01-01 0:13,25.19,25.77,26.72
1970-01-01 0:13,25.19,25.77,26.85
1970-01-01 0:13,25.16,25.73,26.99
1970-01-01 0:13,25.16,25.73,27.16
1970-01-01 0:13,25.16,25.73,27.26
1970-01-01 0:13,25.16,25.7,27.39
1970-01-01 0:13,25.16,25.7,27.46
1970-01-01 0:13,25.16,25.7,27.53
1970-01-01 0:13,25.16,25.67,27.6
1970-01-01 0:13,25.13,25.67,27.66
1970-01-01 0:13,25.16,25.63,27.73
1970-01-01 0:13,25.13,25.63,27.76
1970-01-01 0:13,25.13,25.63,27.8
1970-01-01 0:13,25.16,25.63,27.83
1970-01-01 0:13,25.13,25.6,27.83
1970-01-01 0:13,25.13,25.6,27.9
1970-01-01 0:14,25.13,25.6,27.93
1970-01-01 0:14,25.09,25.6,27.93
1970-01-01 0:14,25.09,25.57,27.97
1970-01-01 0:14,25.13,25.57,28
1970-01-01 0:14,25.09,25.53,28.04
1970-01-01 0:14,25.09,25.57,28.04
1970-01-01 0:14,25.09,25.53,28.07
1970-01-01 0:14,25.09,25.53,28.1
1970-01-01 0:14,25.09,25.53,28.1
1970-01-01 0:14,25.06,25.53,28.1
1970-01-01 0:14,25.06,25.5,28.14
1970-01-01 0:14,25.06,25.53,28.14
1970-01-01 0:14,25.09,25.53,28.14
1970-01-01 0:14,25.06,25.5,28.14
1970-01-01 0:14,25.09,25.5,28.14
1970-01-01 0:14,25.06,25.5,28.17
1970-01-01 0:14,25.06,25.5,28.17
1970-01-01 0:14,25.06,25.46,28.21
1970-01-01 0:14,25.06,25.5,28.21
1970-01-01 0:14,25.06,25.43,28.21
1970-01-01 0:14,25.06,25.46,28.21
1970-01-01 0:14,25.06,25.43,28.21
1970-01-01 0:14,25.06,25.43,28.21
1970-01-01 0:14,25.02,25.43,28.21
1970-01-01 0:14,25.06,25.43,28.24
1970-01-01 0:14,25.06,25.43,28.27
1970-01-01 0:14,25.02,25.43,28.31
1970-01-01 0:14,25.02,25.4,28.31
1970-01-01 0:14,25.02,25.43,28.34
1970-01-01 0:14,25.02,25.4,28.34
1970-01-01 0:14,25.02,25.43,28.34
1970-01-01 0:14,25.02,25.4,28.37
1970-01-01 0:14,24.99,25.4,28.37
1970-01-01 0:14,25.02,25.4,28.37
1970-01-01 0:14,24.99,25.36,28.41
1970-01-01 0:14,25.02,25.36,28.37
1970-01-01 0:15,25.02,25.36,28.41
1970-01-01 0:15,24.99,25.36,28.41
1970-01-01 0:15,24.99,25.36,28.41
1970-01-01 0:15,24.99,25.36,28.41
1970-01-01 0:15,24.99,25.36,28.44
1970-01-01 0:15,24.99,25.36,28.48
1970-01-01 0:15,25.02,25.33,28.41
1970-01-01 0:15,24.99,25.33,28.48
1970-01-01 0:15,24.99,25.33,28.51
1970-01-01 0:15,24.99,25.36,28.65
1970-01-01 0:15,24.99,25.36,28.71
1970-01-01 0:15,24.99,25.33,28.85
1970-01-01 0:15,24.96,25.33,28.88
1970-01-01 0:15,24.99,25.29,28.95
1970-01-01 0:15,24.99,25.33,29.02
1970-01-01 0:15,24.99,25.33,29.05
1970-01-01 0:15,24.96,25.29,29.25
1970-01-01 0:15,24.99,25.29,29.49
1970-01-01 0:15,24.99,25.29,29.59
1970-01-01 0:15,24.96,25.26,29.63
1970-01-01 0:15,24.99,25.29,29.66
1970-01-01 0:15,24.96,25.29,29.66
1970-01-01 0:15,24.96,25.29,29.76
1970-01-01 0:15,24.96,25.29,29.86
1970-01-01 0:15,24.96,25.26,30.03
1970-01-01 0:15,24.96,25.26,30.24
1970-01-01 0:15,24.96,25.26,30.54
1970-01-01 0:15,24.99,25.26,30.78
1970-01-01 0:15,24.96,25.23,30.91
1970-01-01 0:15,24.96,25.26,31.05
1970-01-01 0:15,24.96,25.26,31.02
1970-01-01 0:15,24.96,25.23,30.95
1970-01-01 0:15,24.96,25.26,30.81
1970-01-01 0:15,24.96,25.23,30.75
1970-01-01 0:15,24.96,25.23,30.64
1970-01-01 0:16,24.96,25.23,30.58
1970-01-01 0:16,24.96,25.23,30.44
1970-01-01 0:16,24.96,25.23,30.41
1970-01-01 0:16,24.96,25.23,30.3
1970-01-01 0:16,24.99,25.19,30.2
1970-01-01 0:16,24.96,25.19,30.14
1970-01-01 0:16,24.92,25.23,30.03
1970-01-01 0:16,24.96,25.23,29.97
1970-01-01 0:16,24.96,25.19,29.9
1970-01-01 0:16,24.92,25.19,29.8
1970-01-01 0:16,24.96,25.23,29.73
1970-01-01 0:16,24.92,25.23,29.63
1970-01-01 0:16,24.96,25.19,29.59
1970-01-01 0:16,24.96,25.19,29.49
1970-01-01 0:16,24.96,25.16,29.39
1970-01-01 0:16,24.92,25.19,29.32
1970-01-01 0:16,24.92,25.19,29.25
1970-01-01 0:16,24.96,25.19,29.19
1970-01-01 0:16,24.92,25.19,29.12
1970-01-01 0:16,24.92,25.19,29.02
1970-01-01 0:16,24.92,25.16,28.95
1970-01-01 0:16,24.92,25.19,28.88
1970-01-01 0:16,24.96,25.19,28.81
1970-01-01 0:16,24.96,25.19,28.78
1970-01-01 0:16,24.92,25.19,28.65
1970-01-01 0:16,24.96,25.19,28.61
1970-01-01 0:16,24.92,25.16,28.54
1970-01-01 0:16,24.92,25.16,28.48
1970-01-01 0:16,24.92,25.16,28.41
1970-01-01 0:16,24.92,25.19,28.34
1970-01-01 0:16,24.92,25.16,28.27
1970-01-01 0:16,24.92,25.19,28.24
1970-01-01 0:16,24.96,25.13,28.17
1970-01-01 0:16,24.92,25.16,28.14
1970-01-01 0:16,24.92,25.16,28.07
1970-01-01 0:16,24.92,25.16,28
1970-01-01 0:17,24.92,25.13,27.93
1970-01-01 0:17,24.92,25.13,27.9
1970-01-01 0:17,24.89,25.16,27.83
1970-01-01 0:17,24.92,25.13,27.83
1970-01-01 0:17,24.92,25.13,27.76
1970-01-01 0:17,24.92,25.13,27.7
1970-01-01 0:17,24.92,25.13,27.66
1970-01-01 0:17,24.92,25.13,27.6
1970-01-01 0:17,24.92,25.16,27.56
1970-01-01 0:17,24.92,25.13,27.53
1970-01-01 0:17,24.92,25.13,27.46
1970-01-01 0:17,24.89,25.13,27.43
1970-01-01 0:17,24.92,25.13,27.36
1970-01-01 0:17,24.89,25.13,27.32
1970-01-01 0:17,24.89,25.13,27.29
1970-01-01 0:17,24.89,25.13,27.26
1970-01-01 0:17,24.89,25.09,27.22
1970-01-01 0:17,24.89,25.13,27.16
1970-01-01 0:17,24.92,25.09,27.12
1970-01-01 0:17,24.92,25.09,27.09
1970-01-01 0:17,24.89,25.09,27.05
1970-01-01 0:17,24.89,25.09,27.02
1970-01-01 0:17,24.85,25.09,26.99
1970-01-01 0:17,24.92,25.09,26.95
1970-01-01 0:17,24.89,25.13,26.88
1970-01-01 0:17,24.89,25.09,26.88
1970-01-01 0:17,24.89,25.13,26.82
1970-01-01 0:17,24.89,25.09,26.78
1970-01-01 0:17,24.89,25.09,26.75
1970-01-01 0:17,24.89,25.13,26.72
1970-01-01 0:17,24.85,25.09,26.68
1970-01-01 0:17,24.89,25.09,26.65
1970-01-01 0:17,24.92,25.09,26.65
1970-01-01 0:17,24.85,25.09,26.58
1970-01-01 0:17,24.85,25.09,26.58
1970-01-01 0:18,24.89,25.09,26.55
1970-01-01 0:18,24.89,25.09,26.51
1970-01-01 0:18,24.89,25.09,26.44
1970-01-01 0:18,24.89,25.09,26.44
1970-01-01 0:18,24.89,25.09,26.41
1970-01-01 0:18,24.89,25.09,26.38
1970-01-01 0:18,24.89,25.09,26.34
1970-01-01 0:18,24.89,25.09,26.34
1970-01-01 0:18,24.89,25.06,26.31
1970-01-01 0:18,24.85,25.09,26.28
1970-01-01 0:18,24.85,25.09,26.24
1970-01-01 0:18,24.85,25.09,26.21
1970-01-01 0:18,24.89,25.13,26.17
1970-01-01 0:18,24.89,25.06,26.17
1970-01-01 0:18,24.85,25.09,26.14
1970-01-01 0:18,24.89,25.06,26.11
1970-01-01 0:18,24.85,25.06,26.11
1970-01-01 0:18,24.85,25.09,26.07
1970-01-01 0:18,24.85,25.09,26.04
1970-01-01 0:18,24.85,25.09,26.04
1970-01-01 0:18,24.82,25.06,26
1970-01-01 0:18,24.85,25.06,26
1970-01-01 0:18,24.85,25.02,25.94
1970-01-01 0:18,24.85,25.06,25.97
1970-01-01 0:18,24.85,25.06,25.9
1970-01-01 0:18,24.85,25.06,25.9
1970-01-01 0:18,24.85,25.06,25.9
1970-01-01 0:18,24.85,25.06,25.9
1970-01-01 0:18,24.85,25.02,25.84
1970-01-01 0:18,24.85,25.06,25.84
1970-01-01 0:18,24.85,25.06,25.8
1970-01-01 0:18,24.89,25.02,25.8
1970-01-01 0:18,24.85,25.06,25.77
1970-01-01 0:18,24.85,25.02,25.77
1970-01-01 0:18,24.85,25.06,25.73
1970-01-01 0:18,24.85,25.02,25.73
1970-01-01 0:19,24.85,25.02,25.67
1970-01-01 0:19,24.85,25.02,25.7
1970-01-01 0:19,24.85,25.02,25.67
1970-01-01 0:19,24.85,25.06,25.67
1970-01-01 0:19,24.85,25.06,25.63
1970-01-01 0:19,24.82,25.06,25.63
1970-01-01 0:19,24.85,25.02,25.6
1970-01-01 0:19,24.85,25.02,25.6
1970-01-01 0:19,24.85,25.06,25.57
1970-01-01 0:19,24.85,25.02,25.57
1970-01-01 0:19,24.82,25.02,25.57
1970-01-01 0:19,24.82,25.06,25.53
1970-01-01 0:19,24.82,25.02,25.53
1970-01-01 0:19,24.82,25.02,25.5
1970-01-01 0:19,24.85,25.02,25.5
1970-01-01 0:19,24.82,25.02,25.46
1970-01-01 0:19,24.82,25.02,25.46
1970-01-01 0:19,24.85,25.02,25.43
1970-01-01 0:19,24.85,25.02,25.46
1970-01-01 0:19,24.82,25.02,25.46
1970-01-01 0:19,24.85,25.02,25.43
1970-01-01 0:19,24.82,25.02,25.43
1970-01-01 0:19,24.85,25.02,25.36
1970-01-01 0:19,24.85,25.02,25.4
1970-01-01 0:19,24.82,25.02,25.36
1970-01-01 0:19,24.82,25.02,25.36
1970-01-01 0:19,24.85,25.02,25.33
1970-01-01 0:19,24.82,25.02,25.33
1970-01-01 0:19,24.82,24.99,25.33
1970-01-01 0:19,24.82,25.02,25.33
1970-01-01 0:19,24.85,25.02,25.29
1970-01-01 0:19,24.82,24.99,25.29
1970-01-01 0:19,24.85,25.02,25.26
1970-01-01 0:19,24.82,25.02,25.26
1970-01-01 0:19,24.82,24.99,25.26
1970-01-01 0:20,24.82,24.99,25.23
1970-01-01 0:20,24.82,24.99,25.23
1970-01-01 0:20,24.82,24.99,25.23
1970-01-01 0:20,24.82,25.02,25.19
1970-01-01 0:20,24.82,24.99,25.19
1970-01-01 0:20,24.85,24.99,25.19
1970-01-01 0:20,24.82,24.99,25.19
1970-01-01 0:20,24.82,24.99,25.16
1970-01-01 0:20,24.82,24.99,25.16
1970-01-01 0:20,24.82,24.99,25.16
1970-01-01 0:20,24.82,24.99,25.13
1970-01-01 0:20,24.82,25.02,25.13
1970-01-01 0:20,24.85,25.02,25.13
1970-01-01 0:20,24.82,24.99,25.09
1970-01-01 0:20,24.79,25.02,25.09
1970-01-01 0:20,24.82,24.99,25.09
1970-01-01 0:20,24.82,24.99,25.09
1970-01-01 0:20,24.82,25.02,25.06
1970-01-01 0:20,24.85,24.99,25.09
1970-01-01 0:20,24.82,24.99,25.06
1970-01-01 0:20,24.82,24.99,25.06
1970-01-01 0:20,24.82,24.99,25.02
1970-01-01 0:20,24.82,24.99,25.02
1970-01-01 0:20,24.82,24.99,24.99
1970-01-01 0:20,24.82,24.99,24.99
1970-01-01 0:20,24.82,24.99,25.02
1970-01-01 0:20,24.82,24.99,24.99
1970-01-01 0:20,24.82,24.96,24.99
1970-01-01 0:20,24.82,24.99,24.96
1970-01-01 0:20,24.82,24.99,24.96
1970-01-01 0:20,24.79,24.99,24.96
1970-01-01 0:20,24.82,24.99,24.92
1970-01-01 0:20,24.79,24.99,24.92
1970-01-01 0:20,24.82,24.99,24.89
1970-01-01 0:20,24.82,24.99,24.92
1970-01-01 0:20,24.82,24.99,24.89
1970-01-01 0:21,24.82,24.99,24.92
1970-01-01 0:21,24.82,24.99,24.89
1970-01-01 0:21,24.82,24.99,24.92
1970-01-01 0:21,24.82,24.99,24.89
1970-01-01 0:21,24.82,24.96,24.89
1970-01-01 0:21,24.82,24.99,24.89
1970-01-01 0:21,24.82,24.99,24.89
1970-01-01 0:21,24.82,24.99,24.85
1970-01-01 0:21,24.82,24.96,24.85
1970-01-01 0:21,24.79,24.99,24.85
1970-01-01 0:21,24.82,24.99,24.85
1970-01-01 0:21,24.79,24.96,24.85
1970-01-01 0:21,24.82,24.99,24.85
1970-01-01 0:21,24.82,24.99,24.85
1970-01-01 0:21,24.82,24.99,24.85
1970-01-01 0:21,24.82,24.96,24.82
1970-01-01 0:21,24.82,24.99,24.82
1970-01-01 0:21,24.82,24.99,24.82
1970-01-01 0:21,24.82,24.99,24.82
1970-01-01 0:21,24.82,24.99,24.82
1970-01-01 0:21,24.82,24.99,24.79
1970-01-01 0:21,24.79,24.99,24.82
1970-01-01 0:21,24.82,24.99,24.79
1970-01-01 0:21,24.82,24.99,24.79
1970-01-01 0:21,24.82,24.99,24.79
1970-01-01 0:21,24.82,24.96,24.79
1970-01-01 0:21,24.82,24.96,24.79
1970-01-01 0:21,24.82,24.96,24.82
1970-01-01 0:21,24.82,24.96,24.79
1970-01-01 0:21,25.09,25.13,24.79
1970-01-01 0:21,25.57,25.7,24.79
1970-01-01 0:21,26.11,26.34,24.79
1970-01-01 0:21,26.61,26.95,24.79
1970-01-01 0:21,27.05,27.43,24.79
1970-01-01 0:21,27.43,27.83,24.79
1970-01-01 0:21,27.8,28.14,24.79
1970-01-01 0:22,28.07,28.41,24.79
1970-01-01 0:22,28.27,28.61,24.79
1970-01-01 0:22,28.51,28.78,24.75
1970-01-01 0:22,28.65,28.92,24.75
1970-01-01 0:22,28.81,29.05,24.75
1970-01-01 0:22,28.92,29.15,24.75
1970-01-01 0:22,29.05,29.29,24.72
1970-01-01 0:22,29.12,29.36,24.75
1970-01-01 0:22,29.22,29.42,24.72
1970-01-01 0:22,29.25,29.49,24.72
1970-01-01 0:22,29.32,29.49,24.75
1970-01-01 0:22,29.32,29.42,24.72
1970-01-01 0:22,29.29,29.29,24.72
1970-01-01 0:22,29.25,29.19,24.72
1970-01-01 0:22,29.19,29.05,24.69
1970-01-01 0:22,29.09,28.95,24.69
1970-01-01 0:22,29.05,28.81,24.85
1970-01-01 0:22,28.95,28.75,25.26
1970-01-01 0:22,28.85,28.61,25.8
1970-01-01 0:22,28.78,28.54,26.31
1970-01-01 0:22,28.71,28.44,26.82
1970-01-01 0:22,28.65,28.34,27.22
1970-01-01 0:22,28.58,28.27,27.56
1970-01-01 0:22,28.48,28.14,27.87
1970-01-01 0:22,28.44,28.07,28.14
1970-01-01 0:22,28.37,27.97,28.37
1970-01-01 0:22,28.31,27.93,28.61
1970-01-01 0:22,28.21,27.87,28.78
1970-01-01 0:22,28.17,27.8,28.92
1970-01-01 0:22,28.1,27.73,29.02
1970-01-01 0:22,28.04,27.66,29.15
1970-01-01 0:22,27.97,27.6,29.22
1970-01-01 0:22,27.9,27.53,29.36
1970-01-01 0:22,27.87,27.46,29.39
1970-01-01 0:22,27.8,27.43,29.46
1970-01-01 0:23,27.73,27.36,29.53
1970-01-01 0:23,27.66,27.32,29.59
1970-01-01 0:23,27.6,27.26,29.63
1970-01-01 0:23,27.6,27.22,29.63
1970-01-01 0:23,27.53,27.16,29.63
1970-01-01 0:23,27.46,27.16,29.53
1970-01-01 0:23,27.43,27.09,29.46
1970-01-01 0:23,27.39,27.05,29.32
1970-01-01 0:23,27.32,26.99,29.25
1970-01-01 0:23,27.29,26.95,29.15
1970-01-01 0:23,27.22,26.92,29.05
1970-01-01 0:23,27.19,26.88,28.98
1970-01-01 0:23,27.16,26.82,28.88
1970-01-01 0:23,27.09,26.82,28.78
1970-01-01 0:23,27.05,26.78,28.71
1970-01-01 0:23,27.02,26.72,28.65
1970-01-01 0:23,26.99,26.68,28.54
1970-01-01 0:23,26.95,26.68,28.48
1970-01-01 0:23,26.92,26.61,28.37
1970-01-01 0:23,26.88,26.58,28.34
1970-01-01 0:23,26.82,26.55,28.27
1970-01-01 0:23,26.78,26.55,28.17
1970-01-01 0:23,26.75,26.51,28.1
1970-01-01 0:23,26.72,26.48,28.07
1970-01-01 0:23,26.68,26.44,27.97
1970-01-01 0:23,26.65,26.41,27.93
1970-01-01 0:23,26.65,26.38,27.87
1970-01-01 0:23,26.58,26.34,27.8
1970-01-01 0:23,26.55,26.34,27.73
1970-01-01 0:23,26.55,26.34,27.66
1970-01-01 0:23,26.48,26.28,27.66
1970-01-01 0:23,26.48,26.28,27.6
1970-01-01 0:23,26.41,26.28,27.53
1970-01-01 0:23,26.41,26.24,27.46
1970-01-01 0:23,26.38,26.21,27.39
1970-01-01 0:23,26.34,26.17,27.36
1970-01-01 0:24,26.31,26.17,27.32
1970-01-01 0:24,26.28,26.14,27.26
1970-01-01 0:24,26.28,26.14,27.19
1970-01-01 0:24,26.24,26.11,27.19
1970-01-01 0:24,26.21,26.07,27.12
1970-01-01 0:24,26.21,26.04,27.09
1970-01-01 0:24,26.14,26,27.05
1970-01-01 0:24,26.17,26.04,26.99
1970-01-01 0:24,26.11,26,26.95
1970-01-01 0:24,26.11,25.97,26.92
1970-01-01 0:24,26.07,26,26.88
1970-01-01 0:24,26.04,25.97,26.85
1970-01-01 0:24,26.04,25.94,26.82
1970-01-01 0:24,26.04,25.94,26.78
1970-01-01 0:24,26,25.9,26.72
1970-01-01 0:24,25.97,25.87,26.68
1970-01-01 0:24,25.94,25.87,26.68
1970-01-01 0:24,25.94,25.84,26.61
1970-01-01 0:24,25.9,25.87,26.58
1970-01-01 0:24,25.87,25.84,26.58
1970-01-01 0:24,25.87,25.84,26.51
1970-01-01 0:24,25.84,25.84,26.51
1970-01-01 0:24,25.84,25.77,26.48
1970-01-01 0:24,25.84,25.77,26.44
1970-01-01 0:24,25.8,25.8,26.38
1970-01-01 0:24,25.77,25.73,26.41
1970-01-01 0:24,25.77,25.73,26.34
1970-01-01 0:24,25.73,25.73,26.31
1970-01-01 0:24,25.73,25.73,26.28
1970-01-01 0:24,25.7,25.7,26.28
1970-01-01 0:24,25.7,25.7,26.21
1970-01-01 0:24,25.67,25.7,26.21
1970-01-01 0:24,25.7,25.67,26.21
1970-01-01 0:24,25.67,25.67,26.17
1970-01-01 0:24,25.63,25.63,26.14
1970-01-01 0:25,25.63,25.63,26.14
1970-01-01 0:25,25.6,25.6,26.11
1970-01-01 0:25,25.57,25.6,26.07
1970-01-01 0:25,25.57,25.6,26.04
1970-01-01 0:25,25.57,25.57,26.04
1970-01-01 0:25,25.53,25.57,26.04
1970-01-01 0:25,25.53,25.57,25.97
1970-01-01 0:25,25.53,25.57,25.94
1970-01-01 0:25,25.5,25.57,25.94
1970-01-01 0:25,25.5,25.53,25.94
1970-01-01 0:25,25.5,25.53,25.9
1970-01-01 0:25,25.46,25.53,25.87
1970-01-01 0:25,25.43,25.53,25.87
1970-01-01 0:25,25.46,25.5,25.84
1970-01-01 0:25,25.43,25.5,25.84
1970-01-01 0:25,25.43,25.5,25.8
1970-01-01 0:25,25.43,25.5,25.8
1970-01-01 0:25,25.4,25.46,25.77
1970-01-01 0:25,25.4,25.46,25.73
1970-01-01 0:25,25.4,25.46,25.73
1970-01-01 0:25,25.4,25.46,25.7
1970-01-01 0:25,25.4,25.43,25.7
1970-01-01 0:25,25.36,25.43,25.7
1970-01-01 0:25,25.36,25.43,25.67
1970-01-01 0:25,25.33,25.43,25.63
1970-01-01 0:25,25.29,25.43,25.63
1970-01-01 0:25,25.33,25.4,25.63
1970-01-01 0:25,25.29,25.4,25.6
1970-01-01 0:25,25.33,25.4,25.6
1970-01-01 0:25,25.29,25.4,25.57
1970-01-01 0:25,25.29,25.36,25.57
1970-01-01 0:25,25.26,25.36,25.53
1970-01-01 0:25,25.26,25.36,25.53
1970-01-01 0:25,25.26,25.36,25.53
1970-01-01 0:25,25.23,25.36,25.53
1970-01-01 0:25,25.43,25.36,25.57
1970-01-01 0:26,25.84,25.73,25.9
1970-01-01 0:26,26.34,26.51,26.24
1970-01-01 0:26,27.05,27.29,26.75
1970-01-01 0:26,27.8,27.87,27.19
1970-01-01 0:26,28.51,28.37,27.63
1970-01-01 0:26,29.12,28.78,27.97
1970-01-01 0:26,29.59,29.09,28.31
1970-01-01 0:26,30,29.36,28.58
1970-01-01 0:26,30.27,29.53,28.78
1970-01-01 0:26,30.51,29.66,28.95
1970-01-01 0:26,30.68,29.8,29.15
1970-01-01 0:26,30.85,29.86,29.29
1970-01-01 0:26,30.95,29.93,29.42
1970-01-01 0:26,31.02,30.03,29.53
1970-01-01 0:26,31.12,30.07,29.63
1970-01-01 0:26,31.15,30.1,29.7
1970-01-01 0:26,31.22,30.17,29.8
1970-01-01 0:26,31.29,30.2,29.83
1970-01-01 0:26,31.29,30.24,29.9
1970-01-01 0:26,31.36,30.27,29.93
1970-01-01 0:26,31.36,30.27,29.97
1970-01-01 0:26,31.39,30.3,30.03
1970-01-01 0:26,31.46,30.34,30.07
1970-01-01 0:26,31.39,30.27,30.03
1970-01-01 0:26,31.36,30.17,30
1970-01-01 0:26,31.25,30.07,29.97
1970-01-01 0:26,31.15,29.93,29.93
1970-01-01 0:26,31.05,29.83,29.93
1970-01-01 0:26,30.91,29.73,29.97
1970-01-01 0:26,30.81,29.59,30
1970-01-01 0:26,30.71,29.53,30.03
1970-01-01 0:26,30.58,29.39,30.07
1970-01-01 0:26,30.47,29.32,30.1
1970-01-01 0:26,30.37,29.19,30.2
1970-01-01 0:26,30.27,29.09,30.2
1970-01-01 0:27,30.17,28.98,30.24
1970-01-01 0:27,30.07,28.92,30.27
1970-01-01 0:27,30,28.85,30.3
1970-01-01 0:27,29.86,28.78,30.34
1970-01-01 0:27,29.8,28.68,30.37
1970-01-01 0:27,29.7,28.65,30.37
1970-01-01 0:27,29.59,28.54,30.41
1970-01-01 0:27,29.46,28.48,30.44
1970-01-01 0:27,29.36,28.44,30.44
1970-01-01 0:27,29.29,28.34,30.47
1970-01-01 0:27,29.19,28.31,30.47
1970-01-01 0:27,29.15,28.21,30.51
1970-01-01 0:27,29.05,28.14,30.54
1970-01-01 0:27,28.98,28.1,30.54
1970-01-01 0:27,28.92,28.04,30.54
1970-01-01 0:27,28.85,27.97,30.58
1970-01-01 0:27,28.75,27.9,30.61
1970-01-01 0:27,28.68,27.87,30.61
1970-01-01 0:27,28.65,27.8,30.61
1970-01-01 0:27,28.54,27.73,30.64
1970-01-01 0:27,28.51,27.66,30.68
1970-01-01 0:27,28.44,27.63,30.68
1970-01-01 0:27,28.34,27.6,30.71
1970-01-01 0:27,28.27,27.53,30.68
1970-01-01 0:27,28.24,27.49,30.71
1970-01-01 0:27,28.21,27.46,30.78
1970-01-01 0:27,28.14,27.39,30.81
1970-01-01 0:27,28.07,27.36,30.81
1970-01-01 0:27,28,27.32,30.85
1970-01-01 0:27,27.97,27.32,30.88
1970-01-01 0:27,27.93,27.26,30.88
1970-01-01 0:27,27.83,27.19,30.85
1970-01-01 0:27,27.76,27.19,30.91
1970-01-01 0:27,27.73,27.16,30.91
1970-01-01 0:27,27.66,27.09,30.91
1970-01-01 0:27,27.63,27.09,30.98
1970-01-01 0:28,27.6,27.05,30.98
1970-01-01 0:28,27.56,27.02,30.98
1970-01-01 0:28,27.49,26.95,31.02
1970-01-01 0:28,27.46,26.92,31.05
1970-01-01 0:28,27.43,26.92,31.05
1970-01-01 0:28,27.39,26.88,31.05
1970-01-01 0:28,27.32,26.88,31.08
1970-01-01 0:28,27.26,26.85,31.12
1970-01-01 0:28,27.22,26.78,31.15
1970-01-01 0:28,27.19,26.78,31.19
1970-01-01 0:28,27.12,26.75,31.19
1970-01-01 0:28,27.09,26.75,31.22
1970-01-01 0:28,27.05,26.68,31.29
1970-01-01 0:28,27.02,26.68,31.29
1970-01-01 0:28,26.99,26.65,31.36
1970-01-01 0:28,26.92,26.61,31.36
1970-01-01 0:28,26.92,26.61,31.42
1970-01-01 0:28,26.85,26.58,31.39
1970-01-01 0:28,26.85,26.55,31.46
1970-01-01 0:28,26.82,26.51,31.49
1970-01-01 0:28,26.78,26.48,31.52
1970-01-01 0:28,26.75,26.48,31.56
1970-01-01 0:28,26.72,26.48,31.59
1970-01-01 0:28,26.68,26.44,31.66
1970-01-01 0:28,26.65,26.44,31.66
1970-01-01 0:28,26.61,26.41,31.69
1970-01-01 0:28,26.58,26.38,31.69
1970-01-01 0:28,26.55,26.34,31.76
1970-01-01 0:28,26.51,26.31,31.76
1970-01-01 0:28,26.48,26.31,31.76
1970-01-01 0:28,26.48,26.31,31.8
1970-01-01 0:28,26.44,26.28,31.83
1970-01-01 0:28,26.41,26.28,31.86
1970-01-01 0:28,26.41,26.24,31.86
1970-01-01 0:28,26.41,26.21,31.9
1970-01-01 0:29,26.38,26.21,31.9
1970-01-01 0:29,26.31,26.17,31.93
1970-01-01 0:29,26.31,26.17,31.97
1970-01-01 0:29,26.31,26.17,31.97
1970-01-01 0:29,26.24,26.14,32
1970-01-01 0:29,26.24,26.11,32.03
1970-01-01 0:29,26.21,26.11,32.07
1970-01-01 0:29,26.21,26.11,32.07
1970-01-01 0:29,26.17,26.04,32.1
1970-01-01 0:29,26.14,26.07,32.17
1970-01-01 0:29,26.17,26.04,32.17
1970-01-01 0:29,26.11,26,32.17
1970-01-01 0:29,26.11,26.04,32.1
1970-01-01 0:29,26.07,26,32.03
1970-01-01 0:29,26.04,25.97,31.93
1970-01-01 0:29,26.04,25.97,31.83
1970-01-01 0:29,26,25.97,31.73
1970-01-01 0:29,26,25.97,31.59
1970-01-01 0:29,25.97,25.94,31.46
1970-01-01 0:29,25.97,25.94,31.36
1970-01-01 0:29,25.94,25.9,31.25
1970-01-01 0:29,25.94,25.9,31.12
1970-01-01 0:29,25.9,25.87,31.02
1970-01-01 0:29,25.9,25.87,30.88
1970-01-01 0:29,25.87,25.87,30.81
1970-01-01 0:29,25.87,25.84,30.68
1970-01-01 0:29,25.84,25.84,30.58
1970-01-01 0:29,25.8,25.84,30.47
1970-01-01 0:29,25.8,25.8,30.41
1970-01-01 0:29,25.8,25.8,30.3
1970-01-01 0:29,25.77,25.8,30.2
1970-01-01 0:29,25.77,25.77,30.07
1970-01-01 0:29,25.73,25.8,30
1970-01-01 0:29,25.73,25.77,29.9
1970-01-01 0:29,25.73,25.77,29.83
1970-01-01 0:29,25.7,25.73,29.73
1970-01-01 0:30,25.7,25.73,29.66
1970-01-01 0:30,25.7,25.73,29.59
1970-01-01 0:30,25.67,25.7,29.49
1970-01-01 0:30,25.63,25.67,29.39
1970-01-01 0:30,25.67,25.67,29.32
1970-01-01 0:30,25.63,25.67,29.25
1970-01-01 0:30,25.6,25.7,29.15
1970-01-01 0:30,25.6,25.67,29.09
1970-01-01 0:30,25.6,25.63,29.02
1970-01-01 0:30,25.57,25.67,28.92
1970-01-01 0:30,25.57,25.63,28.85
1970-01-01 0:30,25.53,25.63,28.81
1970-01-01 0:30,25.53,25.63,28.75
1970-01-01 0:30,25.53,25.63,28.65
1970-01-01 0:30,25.53,25.6,28.58
1970-01-01 0:30,25.5,25.6,28.51
1970-01-01 0:30,25.5,25.6,28.48
1970-01-01 0:30,25.5,25.57,28.41
1970-01-01 0:30,25.46,25.57,28.34
1970-01-01 0:30,25.46,25.57,28.27
1970-01-01 0:30,25.46,25.57,28.21
1970-01-01 0:30,25.43,25.57,28.14
1970-01-01 0:30,25.4,25.57,28.1
1970-01-01 0:30,25.4,25.57,28.04
1970-01-01 0:30,25.4,25.53,27.97
1970-01-01 0:30,25.4,25.5,27.9
1970-01-01 0:30,25.4,25.53,27.87
1970-01-01 0:30,25.36,25.53,27.83
1970-01-01 0:30,25.36,25.5,27.76
1970-01-01 0:30,25.36,25.5,27.7
1970-01-01 0:30,25.36,25.5,27.66
1970-01-01 0:30,25.33,25.5,27.6
1970-01-01 0:30,25.33,25.5,27.6
1970-01-01 0:30,25.33,25.46,27.53
1970-01-01 0:30,25.33,25.46,27.46
1970-01-01 0:30,25.29,25.5,27.43
1970-01-01 0:31,25.29,25.43,27.39
1970-01-01 0:31,25.26,25.46,27.32
1970-01-01 0:31,25.29,25.46,27.29
1970-01-01 0:31,25.26,25.46,27.26
1970-01-01 0:31,25.26,25.46,27.22
1970-01-01 0:31,25.26,25.43,27.19
1970-01-01 0:31,25.23,25.43,27.12
1970-01-01 0:31,25.26,25.43,27.05
1970-01-01 0:31,25.26,25.43,27.05
1970-01-01 0:31,25.26,25.43,27.02
1970-01-01 0:31,25.23,25.36,26.99
1970-01-01 0:31,25.23,25.43,26.92
1970-01-01 0:31,25.19,25.4,26.88
1970-01-01 0:31,25.19,25.4,26.85
1970-01-01 0:31,25.19,25.36,26.85
1970-01-01 0:31,25.19,25.4,26.78
1970-01-01 0:31,25.19,25.4,26.75
1970-01-01 0:31,25.19,25.4,26.75
1970-01-01 0:31,25.19,25.4,26.68
1970-01-01 0:31,25.19,25.36,26.68
1970-01-01 0:31,25.19,25.36,26.65
1970-01-01 0:31,25.16,25.36,26.61
1970-01-01 0:31,25.16,25.36,26.58
1970-01-01 0:31,25.16,25.33,26.55
1970-01-01 0:31,25.16,25.33,26.51
1970-01-01 0:31,25.16,25.33,26.48
1970-01-01 0:31,25.13,25.33,26.44
1970-01-01 0:31,25.13,25.33,26.48
1970-01-01 0:31,25.13,25.36,26.44
1970-01-01 0:31,25.13,25.33,26.38
1970-01-01 0:31,25.13,25.33,26.34
1970-01-01 0:31,25.09,25.33,26.34
1970-01-01 0:31,25.09,25.33,26.34
1970-01-01 0:31,25.13,25.29,26.31
1970-01-01 0:31,25.09,25.29,26.28
1970-01-01 0:32,25.09,25.33,26.24
1970-01-01 0:32,25.09,25.33,26.21
1970-01-01 0:32,25.06,25.29,26.21
1970-01-01 0:32,25.09,25.29,26.17
1970-01-01 0:32,25.09,25.29,26.14
1970-01-01 0:32,25.06,25.29,26.14
1970-01-01 0:32,25.09,25.26,26.11
1970-01-01 0:32,25.06,25.29,26.07
1970-01-01 0:32,25.06,25.29,26.07
1970-01-01 0:32,25.09,25.26,26.04
1970-01-01 0:32,25.06,25.26,26
1970-01-01 0:32,25.06,25.26,25.97
1970-01-01 0:32,25.06,25.26,25.97
1970-01-01 0:32,25.06,25.26,25.97
1970-01-01 0:32,25.06,25.26,25.94
1970-01-01 0:32,25.02,25.26,25.9
1970-01-01 0:32,25.02,25.26,25.9
1970-01-01 0:32,25.02,25.26,25.9
1970-01-01 0:32,25.02,25.23,25.87
1970-01-01 0:32,25.02,25.23,25.87
1970-01-01 0:32,25.02,25.26,25.84
1970-01-01 0:32,25.02,25.23,25.84
1970-01-01 0:32,25.02,25.23,25.8
1970-01-01 0:32,24.99,25.23,25.8
1970-01-01 0:32,24.99,25.23,25.77
1970-01-01 0:32,25.02,25.23,25.77
1970-01-01 0:32,24.99,25.23,25.73
1970-01-01 0:32,25.02,25.23,25.73
1970-01-01 0:32,24.99,25.23,25.73
1970-01-01 0:32,24.99,25.23,25.7
1970-01-01 0:32,24.99,25.23,25.7
1970-01-01 0:32,24.99,25.19,25.67
1970-01-01 0:32,24.99,25.23,25.67
1970-01-01 0:32,24.96,25.23,25.63
1970-01-01 0:32,24.96,25.19,25.67
1970-01-01 0:32,24.96,25.19,25.6
1970-01-01 0:33,24.96,25.19,25.6
1970-01-01 0:33,24.96,25.23,25.6
1970-01-01 0:33,24.96,25.19,25.57
1970-01-01 0:33,24.96,25.19,25.57
1970-01-01 0:33,24.92,25.19,25.57
1970-01-01 0:33,24.96,25.19,25.53
1970-01-01 0:33,24.92,25.23,25.53
1970-01-01 0:33,24.92,25.19,25.5
1970-01-01 0:33,24.92,25.19,25.5
1970-01-01 0:33,24.92,25.16,25.5
1970-01-01 0:33,24.92,25.19,25.46
1970-01-01 0:33,24.92,25.16,25.46
1970-01-01 0:33,24.92,25.16,25.46
1970-01-01 0:33,24.92,25.16,25.46
1970-01-01 0:33,24.92,25.19,25.46
1970-01-01 0:33,24.96,25.16,25.4
1970-01-01 0:33,24.92,25.16,25.4
1970-01-01 0:33,24.92,25.16,25.43
1970-01-01 0:33,24.92,25.16,25.4
1970-01-01 0:33,24.92,25.19,25.4
1970-01-01 0:33,24.92,25.16,25.36
1970-01-01 0:33,24.92,25.16,25.4
1970-01-01 0:33,24.92,25.16,25.36
1970-01-01 0:33,24.92,25.16,25.33
1970-01-01 0:33,24.92,25.16,25.36
1970-01-01 0:33,24.89,25.16,25.33
1970-01-01 0:33,24.89,25.16,25.33
1970-01-01 0:33,24.89,25.13,25.29
1970-01-01 0:33,24.89,25.16,25.29
1970-01-01 0:33,24.89,25.13,25.33
1970-01-01 0:33,24.89,25.13,25.26
1970-01-01 0:33,24.89,25.13,25.29
1970-01-01 0:33,24.89,25.13,25.26
1970-01-01 0:33,24.89,25.16,25.26
1970-01-01 0:33,24.89,25.13,25.26
1970-01-01 0:34,24.89,25.13,25.26
1970-01-01 0:34,24.85,25.13,25.23
1970-01-01 0:34,24.85,25.16,25.23
1970-01-01 0:34,24.85,25.13,25.23
1970-01-01 0:34,24.85,25.13,25.19
1970-01-01 0:34,24.85,25.09,25.23
1970-01-01 0:34,24.85,25.13,25.23
1970-01-01 0:34,24.89,25.13,25.23
1970-01-01 0:34,24.85,25.09,25.19
1970-01-01 0:34,24.82,25.13,25.16
1970-01-01 0:34,24.89,25.09,25.19
1970-01-01 0:34,24.85,25.13,25.16
1970-01-01 0:34,24.85,25.13,25.16
1970-01-01 0:34,24.82,25.13,25.13
1970-01-01 0:34,24.82,25.13,25.16
1970-01-01 0:34,24.85,25.13,25.16
1970-01-01 0:34,24.82,25.13,25.16
1970-01-01 0:34,24.85,25.09,25.13
1970-01-01 0:34,24.82,25.13,25.13
1970-01-01 0:34,24.85,25.09,25.13
1970-01-01 0:34,24.79,25.09,25.09
1970-01-01 0:34,24.85,25.09,25.13
1970-01-01 0:34,24.82,25.09,25.13
1970-01-01 0:34,24.82,25.09,25.09
1970-01-01 0:34,24.82,25.09,25.09
1970-01-01 0:34,24.82,25.09,25.09
1970-01-01 0:34,24.79,25.09,25.09
1970-01-01 0:34,24.82,25.09,25.09
1970-01-01 0:34,24.82,25.06,25.09
1970-01-01 0:34,24.82,25.09,25.06
1970-01-01 0:34,24.82,25.06,25.09
1970-01-01 0:34,24.82,25.09,25.06
1970-01-01 0:34,24.82,25.09,25.02
1970-01-01 0:34,24.82,25.09,25.06
1970-01-01 0:34,24.82,25.06,25.02
1970-01-01 0:34,24.82,25.09,25.06
1970-01-01 0:35,24.82,25.09,25.02
1970-01-01 0:35,24.82,25.09,25.02
1970-01-01 0:35,24.79,25.09,25.02
1970-01-01 0:35,24.82,25.09,25.02
1970-01-01 0:35,24.79,25.09,25.02
1970-01-01 0:35,24.79,25.09,25.02
1970-01-01 0:35,24.79,25.09,24.99
1970-01-01 0:35,24.79,25.06,24.99
1970-01-01 0:35,24.82,25.09,24.99
1970-01-01 0:35,24.79,25.09,24.99
1970-01-01 0:35,24.79,25.09,24.99
1970-01-01 0:35,24.82,25.06,24.99
1970-01-01 0:35,24.79,25.06,24.99
1970-01-01 0:35,24.79,25.09,24.96
1970-01-01 0:35,24.79,25.06,24.96
1970-01-01 0:35,24.75,25.06,24.99
1970-01-01 0:35,24.79,25.06,24.96
1970-01-01 0:35,24.75,25.06,24.96
1970-01-01 0:35,24.75,25.06,24.96
1970-01-01 0:35,24.75,25.06,24.92
1970-01-01 0:35,24.79,25.06,24.96
1970-01-01 0:35,24.75,25.06,24.96
1970-01-01 0:35,24.79,25.06,24.92
1970-01-01 0:35,24.75,25.06,24.96
1970-01-01 0:35,24.75,25.06,24.92
1970-01-01 0:35,24.79,25.06,24.92
1970-01-01 0:35,24.75,25.06,24.96
1970-01-01 0:35,24.75,25.06,24.92
1970-01-01 0:35,24.75,25.02,24.92
1970-01-01 0:35,24.75,25.06,24.92
1970-01-01 0:35,24.75,25.06,24.89
1970-01-01 0:35,24.75,25.06,24.89
1970-01-01 0:35,24.75,25.06,24.92
1970-01-01 0:35,24.75,25.02,24.92
1970-01-01 0:35,24.79,25.02,24.92
1970-01-01 0:36,24.72,24.99,24.92
1970-01-01 0:36,24.75,25.06,24.89
1970-01-01 0:36,24.75,25.02,24.92
1970-01-01 0:36,24.75,25.06,24.89
1970-01-01 0:36,24.72,25.06,24.92
1970-01-01 0:36,24.75,25.06,24.89
1970-01-01 0:36,24.72,25.02,24.89
1970-01-01 0:36,24.79,25.02,24.96
1970-01-01 0:36,25.4,25.02,25.46
1970-01-01 0:36,26.38,25.06,26.17
1970-01-01 0:36,27.36,25.06,26.95
1970-01-01 0:36,28.24,25.02,27.73
1970-01-01 0:36,29.02,25.06,28.44
1970-01-01 0:36,29.7,25.06,28.98
1970-01-01 0:36,30.24,25.02,29.49
1970-01-01 0:36,30.68,25.06,29.9
1970-01-01 0:36,31.05,25.06,30.27
1970-01-01 0:36,31.32,25.06,30.54
1970-01-01 0:36,31.56,25.06,30.78
1970-01-01 0:36,31.73,25.06,30.95
1970-01-01 0:36,31.8,25.06,31.02
1970-01-01 0:36,31.8,25.06,31.05
1970-01-01 0:36,31.73,25.06,30.98
1970-01-01 0:36,31.69,25.02,30.91
1970-01-01 0:36,31.59,25.06,30.81
1970-01-01 0:36,31.49,25.06,30.75
1970-01-01 0:36,31.36,25.06,30.64
1970-01-01 0:36,31.22,25.06,30.51
1970-01-01 0:36,31.12,25.06,30.41
1970-01-01 0:36,31.02,25.06,30.27
1970-01-01 0:36,30.91,25.06,30.2
1970-01-01 0:36,30.75,25.06,30.07
1970-01-01 0:36,30.64,25.06,29.93
1970-01-01 0:36,30.54,25.06,29.83
1970-01-01 0:36,30.41,25.06,29.76
1970-01-01 0:36,30.3,25.06,29.63
1970-01-01 0:37,30.2,25.06,29.56
1970-01-01 0:37,30.1,25.06,29.49
1970-01-01 0:37,30,25.06,29.39
1970-01-01 0:37,29.9,25.06,29.29
1970-01-01 0:37,29.8,25.06,29.19
1970-01-01 0:37,29.7,25.06,29.12
1970-01-01 0:37,29.63,25.06,29.05
1970-01-01 0:37,29.49,25.06,28.95
1970-01-01 0:37,29.42,25.06,28.88
1970-01-01 0:37,29.32,25.06,28.81
1970-01-01 0:37,29.25,25.02,28.75
1970-01-01 0:37,29.19,25.09,28.65
1970-01-01 0:37,29.09,25.06,28.58
1970-01-01 0:37,28.98,25.06,28.51
1970-01-01 0:37,28.92,25.09,28.48
1970-01-01 0:37,28.88,25.06,28.41
1970-01-01 0:37,28.78,25.06,28.34
1970-01-01 0:37,28.71,25.06,28.27
1970-01-01 0:37,28.65,25.06,28.21
1970-01-01 0:37,28.54,25.06,28.14
1970-01-01 0:37,28.48,25.06,28.07
1970-01-01 0:37,28.44,25.06,28.04
1970-01-01 0:37,28.37,25.06,27.97
1970-01-01 0:37,28.27,25.02,27.9
1970-01-01 0:37,28.24,25.06,27.83
1970-01-01 0:37,28.14,25.02,27.8
1970-01-01 0:37,28.1,25.06,27.76
1970-01-01 0:37,28.04,25.02,27.7
1970-01-01 0:37,28,25.02,27.66
1970-01-01 0:37,27.93,25.06,27.6
1970-01-01 0:37,27.87,25.02,27.53
1970-01-01 0:37,27.83,25.02,27.53
1970-01-01 0:37,27.76,25.06,27.46
1970-01-01 0:37,27.7,25.02,27.43
1970-01-01 0:37,27.66,25.02,27.39
1970-01-01 0:38,27.63,25.02,27.32
1970-01-01 0:38,27.56,25.02,27.29
1970-01-01 0:38,27.49,25.02,27.22
1970-01-01 0:38,27.46,25.02,27.19
1970-01-01 0:38,27.39,25.02,27.12
1970-01-01 0:38,27.36,25.06,27.12
1970-01-01 0:38,27.26,25.36,27.19
1970-01-01 0:38,27.19,25.7,27.29
1970-01-01 0:38,27.12,25.9,27.32
1970-01-01 0:38,27.09,26.04,27.43
1970-01-01 0:38,27.02,26.14,27.49
1970-01-01 0:38,26.92,26.17,27.53
1970-01-01 0:38,26.85,26.24,27.53
1970-01-01 0:38,26.85,26.55,27.6
1970-01-01 0:38,26.78,27.02,27.76
1970-01-01 0:38,26.75,27.53,27.97
1970-01-01 0:38,26.72,27.97,28.17
1970-01-01 0:38,26.68,28.31,28.34
1970-01-01 0:38,26.68,28.65,28.54
1970-01-01 0:38,26.61,28.92,28.71
1970-01-01 0:38,26.61,29.15,28.85
1970-01-01 0:38,26.58,29.32,28.98
1970-01-01 0:38,26.51,29.49,29.12
1970-01-01 0:38,26.51,29.63,29.22
1970-01-01 0:38,26.48,29.76,29.29
1970-01-01 0:38,26.44,29.86,29.39
1970-01-01 0:38,26.41,29.97,29.49
1970-01-01 0:38,26.38,30.03,29.56
1970-01-01 0:38,26.38,30.14,29.66
1970-01-01 0:38,26.34,30.17,29.7
1970-01-01 0:38,26.34,30.27,29.76
1970-01-01 0:38,26.31,30.3,29.8
1970-01-01 0:38,26.28,30.41,29.86
1970-01-01 0:38,26.24,30.44,29.93
1970-01-01 0:38,26.24,30.47,29.93
1970-01-01 0:38,26.21,30.47,30
1970-01-01 0:39,26.21,30.51,30.03
1970-01-01 0:39,26.17,30.58,30.07
1970-01-01 0:39,26.11,30.47,30.03
1970-01-01 0:39,26.14,30.41,30
1970-01-01 0:39,26.11,30.3,29.93
1970-01-01 0:39,26.07,30.2,29.86
1970-01-01 0:39,26.04,30.07,29.8
1970-01-01 0:39,26.04,29.97,29.66
1970-01-01 0:39,26,29.86,29.59
1970-01-01 0:39,25.97,29.8,29.53
1970-01-01 0:39,25.97,29.7,29.42
1970-01-01 0:39,25.9,29.59,29.36
1970-01-01 0:39,25.9,29.49,29.25
1970-01-01 0:39,25.9,29.39,29.15
1970-01-01 0:39,25.9,29.32,29.09
1970-01-01 0:39,25.87,29.25,29.02
1970-01-01 0:39,25.84,29.19,28.92
1970-01-01 0:39,25.8,29.12,28.88
1970-01-01 0:39,25.8,29.02,28.78
1970-01-01 0:39,25.8,28.95,28.71
1970-01-01 0:39,25.77,28.88,28.65
1970-01-01 0:39,25.73,28.81,28.54
1970-01-01 0:39,25.73,28.75,28.51
1970-01-01 0:39,25.7,28.65,28.44
1970-01-01 0:39,25.7,28.61,28.37
1970-01-01 0:39,25.67,28.54,28.31
1970-01-01 0:39,25.67,28.48,28.27
1970-01-01 0:39,25.63,28.44,28.21
1970-01-01 0:39,25.63,28.34,28.14
1970-01-01 0:39,25.6,28.31,28.07
1970-01-01 0:39,25.6,28.24,28.04
1970-01-01 0:39,25.57,28.21,27.97
1970-01-01 0:39,25.57,28.1,27.9
1970-01-01 0:39,25.57,28.07,27.83
1970-01-01 0:39,25.53,28,27.8
1970-01-01 0:40,25.53,27.97,27.73
1970-01-01 0:40,25.5,27.93,27.7
1970-01-01 0:40,25.5,27.87,27.7
1970-01-01 0:40,25.46,27.8,27.6
1970-01-01 0:40,25.46,27.73,27.56
1970-01-01 0:40,25.46,27.7,27.49
1970-01-01 0:40,25.43,27.66,27.46
1970-01-01 0:40,25.43,27.63,27.43
1970-01-01 0:40,25.4,27.56,27.36
1970-01-01 0:40,25.43,27.53,27.32
1970-01-01 0:40,25.43,27.49,27.29
1970-01-01 0:40,25.4,27.46,27.22
1970-01-01 0:40,25.36,27.43,27.19
1970-01-01 0:40,25.36,27.39,27.12
1970-01-01 0:40,25.36,27.32,27.09
1970-01-01 0:40,25.33,27.29,27.05
1970-01-01 0:40,25.36,27.26,27.02
1970-01-01 0:40,25.33,27.22,26.99
1970-01-01 0:40,25.33,27.19,26.92
1970-01-01 0:40,25.33,27.12,26.92
1970-01-01 0:40,25.29,27.09,26.88
1970-01-01 0:40,25.29,27.09,26.82
1970-01-01 0:40,25.29,27.02,26.78
1970-01-01 0:40,25.26,26.99,26.78
1970-01-01 0:40,25.26,26.95,26.75
1970-01-01 0:40,25.26,26.92,26.68
1970-01-01 0:40,25.26,26.88,26.68
1970-01-01 0:40,25.26,26.85,26.65
1970-01-01 0:40,25.26,26.82,26.61
1970-01-01 0:40,25.26,26.78,26.58
1970-01-01 0:40,25.23,26.75,26.51
1970-01-01 0:40,25.19,26.75,26.55
1970-01-01 0:40,25.19,26.72,26.48
1970-01-01 0:40,25.19,26.68,26.48
1970-01-01 0:40,25.19,26.68,26.44
1970-01-01 0:40,25.19,26.58,26.41
1970-01-01 0:41,25.16,26.58,26.38
1970-01-01 0:41,25.16,26.58,26.38
1970-01-01 0:41,25.16,26.55,26.34
1970-01-01 0:41,25.16,26.51,26.34
1970-01-01 0:41,25.19,26.48,26.28
1970-01-01 0:41,25.13,26.48,26.28
1970-01-01 0:41,25.13,26.44,26.24
1970-01-01 0:41,25.13,26.44,26.24
1970-01-01 0:41,25.13,26.41,26.21
1970-01-01 0:41,25.13,26.38,26.17
1970-01-01 0:41,25.13,26.38,26.17
1970-01-01 0:41,25.13,26.34,26.17
1970-01-01 0:41,25.09,26.31,26.14
1970-01-01 0:41,25.09,26.31,26.11
1970-01-01 0:41,25.13,26.28,26.07
1970-01-01 0:41,25.09,26.24,26.07
1970-01-01 0:41,25.09,26.24,26
1970-01-01 0:41,25.06,26.21,26.04
1970-01-01 0:41,25.06,26.17,26
1970-01-01 0:41,25.06,26.21,25.97
1970-01-01 0:41,25.06,26.17,25.97
1970-01-01 0:41,25.06,26.14,25.94
1970-01-01 0:41,25.02,26.11,25.9
1970-01-01 0:41,25.06,26.11,25.9
1970-01-01 0:41,25.02,26.07,25.9
1970-01-01 0:41,25.06,26.07,25.87
1970-01-01 0:41,25.06,26.04,25.87
1970-01-01 0:41,25.02,26.04,25.84
1970-01-01 0:41,25.02,26.04,25.84
1970-01-01 0:41,25.02,26,25.8
1970-01-01 0:41,25.02,25.97,25.8
1970-01-01 0:41,25.02,25.97,25.8
1970-01-01 0:41,25.02,25.94,25.77
1970-01-01 0:41,24.99,25.9,25.73
1970-01-01 0:41,24.99,25.9,25.73
1970-01-01 0:41,24.99,25.9,25.73
1970-01-01 0:42,24.99,25.87,25.73
1970-01-01 0:42,24.99,25.84,25.67
1970-01-01 0:42,24.99,25.84,25.67
1970-01-01 0:42,24.96,25.84,25.67
1970-01-01 0:42,24.96,25.84,25.63
1970-01-01 0:42,24.96,25.8,25.63
1970-01-01 0:42,24.96,25.8,25.63
1970-01-01 0:42,24.96,25.8,25.63
1970-01-01 0:42,24.96,25.77,25.6
1970-01-01 0:42,24.96,25.77,25.6
1970-01-01 0:42,24.96,25.77,25.57
1970-01-01 0:42,24.92,25.73,25.57
1970-01-01 0:42,24.96,25.7,25.57
1970-01-01 0:42,24.96,25.7,25.57
1970-01-01 0:42,24.96,25.7,25.53
1970-01-01 0:42,24.92,25.7,25.53
1970-01-01 0:42,24.92,25.7,25.53
1970-01-01 0:42,24.96,25.7,25.5
1970-01-01 0:42,24.92,25.67,25.5
1970-01-01 0:42,24.92,25.63,25.5
1970-01-01 0:42,24.92,25.67,25.46
1970-01-01 0:42,24.92,25.63,25.43
1970-01-01 0:42,24.89,25.6,25.46
1970-01-01 0:42,24.89,25.6,25.43
1970-01-01 0:42,24.89,25.63,25.4
1970-01-01 0:42,24.89,25.6,25.4
1970-01-01 0:42,24.89,25.6,25.43
1970-01-01 0:42,24.89,25.57,25.36
1970-01-01 0:42,24.89,25.57,25.4
1970-01-01 0:42,24.89,25.57,25.36
1970-01-01 0:42,24.89,25.57,25.33
1970-01-01 0:42,24.89,25.53,25.36
1970-01-01 0:42,24.89,25.53,25.36
1970-01-01 0:42,24.89,25.53,25.33
1970-01-01 0:42,24.85,25.53,25.33
1970-01-01 0:43,24.85,25.5,25.33
1970-01-01 0:43,24.85,25.5,25.33
1970-01-01 0:43,24.82,25.5,25.29
1970-01-01 0:43,24.85,25.46,25.29
1970-01-01 0:43,24.85,25.46,25.29
1970-01-01 0:43,24.85,25.46,25.26
1970-01-01 0:43,24.85,25.43,25.26
1970-01-01 0:43,24.85,25.43,25.26
1970-01-01 0:43,24.85,25.43,25.23
1970-01-01 0:43,24.82,25.43,25.23
1970-01-01 0:43,24.85,25.43,25.23
1970-01-01 0:43,24.82,25.43,25.23
1970-01-01 0:43,24.85,25.4,25.19
1970-01-01 0:43,24.85,25.4,25.19
1970-01-01 0:43,24.82,25.36,25.23
1970-01-01 0:43,24.85,25.4,25.19
1970-01-01 0:43,24.82,25.36,25.19
1970-01-01 0:43,24.82,25.36,25.19
1970-01-01 0:43,24.82,25.36,25.19
1970-01-01 0:43,24.85,25.36,25.19
1970-01-01 0:43,24.82,25.36,25.16
1970-01-01 0:43,24.85,25.33,25.16
1970-01-01 0:43,24.82,25.36,25.16
1970-01-01 0:43,24.82,25.36,25.13
1970-01-01 0:43,24.82,25.33,25.16
1970-01-01 0:43,24.82,25.33,25.13
1970-01-01 0:43,24.82,25.33,25.13
1970-01-01 0:43,24.82,25.33,25.13
1970-01-01 0:43,24.82,25.29,25.09
1970-01-01 0:43,24.82,25.29,25.09
1970-01-01 0:43,24.82,25.29,25.09
1970-01-01 0:43,24.82,25.26,25.09
1970-01-01 0:43,24.82,25.26,25.09
1970-01-01 0:43,24.82,25.29,25.09
1970-01-01 0:43,24.82,25.29,25.09
1970-01-01 0:43,24.82,25.26,25.06
1970-01-01 0:44,24.82,25.29,25.06
1970-01-01 0:44,24.79,25.26,25.09
1970-01-01 0:44,24.82,25.26,25.06
1970-01-01 0:44,24.79,25.26,25.06
1970-01-01 0:44,24.82,25.26,25.02
1970-01-01 0:44,24.82,25.23,25.02
1970-01-01 0:44,24.82,25.26,25.06
1970-01-01 0:44,24.79,25.23,25.02
1970-01-01 0:44,24.79,25.23,25.02
1970-01-01 0:44,24.82,25.23,24.99
1970-01-01 0:44,24.79,25.23,24.99
1970-01-01 0:44,24.79,25.19,25.02
1970-01-01 0:44,24.79,25.19,24.99
1970-01-01 0:44,24.82,25.23,24.99
1970-01-01 0:44,24.82,25.19,24.99
1970-01-01 0:44,24.82,25.19,24.99
1970-01-01 0:44,24.79,25.19,24.99
1970-01-01 0:44,24.79,25.19,24.99
1970-01-01 0:44,24.79,25.19,24.99
1970-01-01 0:44,24.79,25.19,24.99
1970-01-01 0:44,24.79,25.16,24.96
1970-01-01 0:44,24.79,25.16,24.96
1970-01-01 0:44,24.79,25.16,24.96
1970-01-01 0:44,24.79,25.16,24.96
1970-01-01 0:44,24.75,25.16,24.96
1970-01-01 0:44,24.79,25.16,24.96
1970-01-01 0:44,24.75,25.13,24.92
1970-01-01 0:44,24.79,25.09,24.92
1970-01-01 0:44,24.79,25.13,24.92
1970-01-01 0:44,24.79,25.13,24.92
1970-01-01 0:44,24.79,25.09,24.92
1970-01-01 0:44,24.75,25.13,24.92
1970-01-01 0:44,24.75,25.09,24.92
1970-01-01 0:44,24.75,25.13,24.92
1970-01-01 0:44,24.79,25.13,24.89
1970-01-01 0:45,24.75,25.09,24.92
1970-01-01 0:45,24.79,25.09,24.92
1970-01-01 0:45,24.75,25.09,24.92
1970-01-01 0:45,24.79,25.09,24.92
1970-01-01 0:45,24.75,25.13,24.89
1970-01-01 0:45,24.79,25.13,24.89
1970-01-01 0:45,24.79,25.09,24.92
1970-01-01 0:45,24.75,25.09,24.89
1970-01-01 0:45,24.79,25.06,24.89
1970-01-01 0:45,24.75,25.06,24.89
1970-01-01 0:45,24.75,25.06,24.89
1970-01-01 0:45,24.79,25.09,24.89
1970-01-01 0:45,24.75,25.09,24.89
1970-01-01 0:45,24.75,25.06,24.85
1970-01-01 0:45,24.72,25.06,24.85
1970-01-01 0:45,24.75,25.06,24.85
1970-01-01 0:45,24.75,25.06,24.85
1970-01-01 0:45,24.79,25.06,24.85
1970-01-01 0:45,24.79,25.06,24.85
1970-01-01 0:45,24.75,25.02,24.82
1970-01-01 0:45,24.75,25.06,24.85
1970-01-01 0:45,24.75,25.06,24.85
1970-01-01 0:45,24.75,25.02,24.82
1970-01-01 0:45,24.75,25.02,24.85
1970-01-01 0:45,24.75,25.02,24.85
1970-01-01 0:45,24.75,25.02,24.82
1970-01-01 0:45,24.72,25.02,24.85
1970-01-01 0:45,24.79,24.99,24.82
1970-01-01 0:45,24.75,24.99,24.82
1970-01-01 0:45,24.79,24.99,24.82
1970-01-01 0:45,24.75,24.99,24.82
1970-01-01 0:45,24.75,25.02,24.82
1970-01-01 0:45,24.75,24.99,24.82
1970-01-01 0:45,24.79,25.02,24.82
1970-01-01 0:45,24.75,24.99,24.82
1970-01-01 0:45,24.75,24.99,24.82
1970-01-01 0:46,24.75,24.96,24.82
1970-01-01 0:46,24.75,24.99,24.79
1970-01-01 0:46,24.75,24.96,24.79
1970-01-01 0:46,24.75,24.96,24.79
1970-01-01 0:46,24.75,24.96,24.82
1970-01-01 0:46,24.79,24.99,24.79
1970-01-01 0:46,24.72,24.99,24.82
1970-01-01 0:46,24.75,24.96,24.82
1970-01-01 0:46,24.75,24.96,24.79
1970-01-01 0:46,24.75,24.96,24.79
1970-01-01 0:46,24.75,24.96,24.79
1970-01-01 0:46,24.72,24.96,24.79
1970-01-01 0:46,24.75,24.96,24.79
1970-01-01 0:46,24.75,24.96,24.79
1970-01-01 0:46,24.75,24.96,24.79
1970-01-01 0:46,24.75,24.96,24.79
1970-01-01 0:46,24.75,24.96,24.75
1970-01-01 0:46,24.75,24.96,24.75
1970-01-01 0:46,24.75,24.96,24.79
1970-01-01 0:46,24.75,24.92,24.75
1970-01-01 0:46,24.75,24.92,24.79
1970-01-01 0:46,24.75,24.92,24.79
1970-01-01 0:46,24.72,24.92,24.75
1970-01-01 0:46,24.72,24.92,24.75
1970-01-01 0:46,24.72,24.96,24.75
1970-01-01 0:46,24.75,24.96,24.79
1970-01-01 0:46,24.75,24.92,24.75
1970-01-01 0:46,24.75,24.96,24.75
1970-01-01 0:46,24.75,24.92,24.79
1970-01-01 0:46,24.79,24.92,24.79
1970-01-01 0:46,24.79,24.92,24.75
1970-01-01 0:46,24.75,24.92,24.75
1970-01-01 0:46,24.72,24.92,24.75
1970-01-01 0:46,24.75,24.89,24.75
1970-01-01 0:46,24.75,24.92,24.75
1970-01-01 0:47,24.75,24.92,24.75
1970-01-01 0:47,24.75,24.92,24.75
1970-01-01 0:47,24.72,24.92,24.72
1970-01-01 0:47,24.75,24.92,24.75
1970-01-01 0:47,24.75,24.92,24.75
1970-01-01 0:47,24.75,24.89,24.72
1970-01-01 0:47,24.82,24.92,24.72
1970-01-01 0:47,25.09,24.96,24.75
1970-01-01 0:47,25.43,25.09,24.72
1970-01-01 0:47,25.73,25.19,24.72
1970-01-01 0:47,25.97,25.36,24.72
1970-01-01 0:47,26.17,25.53,24.75
1970-01-01 0:47,26.38,25.67,24.75
1970-01-01 0:47,26.55,26,24.75
1970-01-01 0:47,26.75,26.44,24.75
1970-01-01 0:47,26.99,26.85,24.75
1970-01-01 0:47,27.26,27.19,24.75
1970-01-01 0:47,27.56,27.43,24.75
1970-01-01 0:47,27.83,27.63,24.75
1970-01-01 0:47,28.04,27.8,24.72
1970-01-01 0:47,28.21,27.93,24.72
1970-01-01 0:47,28.37,28.04,24.72
1970-01-01 0:47,28.48,28.14,24.72
1970-01-01 0:47,28.54,28.17,24.72
1970-01-01 0:47,28.61,28.24,24.72
1970-01-01 0:47,28.71,28.31,24.72
1970-01-01 0:47,28.75,28.37,24.72
1970-01-01 0:47,28.78,28.37,24.75
1970-01-01 0:47,28.78,28.44,24.75
1970-01-01 0:47,28.81,28.48,24.75
1970-01-01 0:47,28.88,28.51,24.72
1970-01-01 0:47,28.88,28.54,24.72
1970-01-01 0:47,28.92,28.54,24.75
1970-01-01 0:47,28.92,28.61,24.75
1970-01-01 0:47,28.92,28.61,24.75
1970-01-01 0:47,28.95,28.61,24.75
1970-01-01 0:48,28.95,28.65,24.75
1970-01-01 0:48,28.95,28.65,24.75
1970-01-01 0:48,28.92,28.68,24.75
1970-01-01 0:48,28.88,28.75,24.75
1970-01-01 0:48,28.88,28.78,24.75
1970-01-01 0:48,28.85,28.78,24.75
1970-01-01 0:48,28.88,28.85,24.72
1970-01-01 0:48,28.85,28.81,24.75
1970-01-01 0:48,28.88,28.85,24.75
1970-01-01 0:48,28.88,28.88,24.72
1970-01-01 0:48,28.88,28.88,24.75
1970-01-01 0:48,28.88,28.88,24.75
1970-01-01 0:48,28.88,28.92,24.75
1970-01-01 0:48,28.92,28.92,24.72
1970-01-01 0:48,28.92,28.92,24.75
1970-01-01 0:48,28.92,28.95,24.75
1970-01-01 0:48,28.92,28.95,24.75
1970-01-01 0:48,28.95,28.95,24.75
1970-01-01 0:48,28.95,28.95,24.72
1970-01-01 0:48,28.95,28.95,24.72
1970-01-01 0:48,28.95,28.98,24.75
1970-01-01 0:48,28.95,28.98,24.75
1970-01-01 0:48,28.98,28.98,24.75
1970-01-01 0:48,28.98,29.05,24.79
1970-01-01 0:48,28.95,29.02,24.75
1970-01-01 0:48,28.95,29.02,24.75
1970-01-01 0:48,28.98,29.02,24.72
1970-01-01 0:48,28.98,29.02,24.75
1970-01-01 0:48,28.98,29.02,24.72
1970-01-01 0:48,29.02,29.05,24.75
1970-01-01 0:48,28.98,29.09,24.75
1970-01-01 0:48,28.98,29.05,24.75
1970-01-01 0:48,29.02,29.05,24.75
1970-01-01 0:48,28.95,29.09,24.75
1970-01-01 0:48,29.02,29.05,24.75
1970-01-01 0:49,29.02,29.09,24.75
1970-01-01 0:49,29.02,29.09,24.72
1970-01-01 0:49,29.02,29.05,24.75
1970-01-01 0:49,29.02,29.12,24.75
1970-01-01 0:49,29.02,29.09,24.72
1970-01-01 0:49,29.05,29.12,24.72
1970-01-01 0:49,29.02,29.12,24.75
1970-01-01 0:49,29.02,29.12,24.75
1970-01-01 0:49,29.05,29.12,24.75
1970-01-01 0:49,29.05,29.12,24.75
1970-01-01 0:49,29.05,29.12,24.75
1970-01-01 0:49,28.98,29.02,24.75
1970-01-01 0:49,28.81,28.92,24.75
1970-01-01 0:49,28.65,28.78,24.75
1970-01-01 0:49,28.48,28.68,24.75
1970-01-01 0:49,28.37,28.58,24.75
1970-01-01 0:49,28.24,28.48,24.72
1970-01-01 0:49,28.17,28.44,24.75
1970-01-01 0:49,28.1,28.44,24.75
1970-01-01 0:49,28.1,28.44,24.75
1970-01-01 0:49,28.1,28.37,24.75
1970-01-01 0:49,28.1,28.37,24.72
1970-01-01 0:49,28.1,28.34,24.75
1970-01-01 0:49,28.1,28.34,24.79
1970-01-01 0:49,28.1,28.31,24.75
1970-01-01 0:49,28.14,28.34,24.75
1970-01-01 0:49,28.14,28.31,24.75
1970-01-01 0:49,28.14,28.27,24.75
1970-01-01 0:49,28.14,28.27,24.75
1970-01-01 0:49,28.1,28.21,24.75
1970-01-01 0:49,28.04,28.1,24.75
1970-01-01 0:49,28,28.04,24.75
1970-01-01 0:49,28,27.97,24.75
1970-01-01 0:49,27.97,27.93,24.75
1970-01-01 0:49,27.9,27.9,24.75
1970-01-01 0:49,27.87,27.87,24.75
1970-01-01 0:50,27.87,27.83,24.75
1970-01-01 0:50,27.83,27.8,24.79
1970-01-01 0:50,27.8,27.73,24.75
1970-01-01 0:50,27.76,27.7,24.75
1970-01-01 0:50,27.73,27.7,24.75
1970-01-01 0:50,27.7,27.66,24.75
1970-01-01 0:50,27.66,27.63,24.75
1970-01-01 0:50,27.63,27.6,24.79
1970-01-01 0:50,27.66,27.6,24.75
1970-01-01 0:50,27.56,27.56,24.75
1970-01-01 0:50,27.56,27.53,24.75
1970-01-01 0:50,27.53,27.49,24.75
1970-01-01 0:50,27.49,27.46,24.75
1970-01-01 0:50,27.46,27.39,24.75
1970-01-01 0:50,27.43,27.36,24.75
1970-01-01 0:50,27.39,27.36,24.75
1970-01-01 0:50,27.36,27.32,24.75
1970-01-01 0:50,27.36,27.29,24.75
1970-01-01 0:50,27.32,27.32,24.75
1970-01-01 0:50,27.43,27.39,24.75
1970-01-01 0:50,27.6,27.53,24.79
1970-01-01 0:50,27.76,27.63,24.79
1970-01-01 0:50,27.9,27.76,24.75
1970-01-01 0:50,28,27.87,24.79
1970-01-01 0:50,28.1,27.93,24.75
1970-01-01 0:50,28.21,28.04,24.75
1970-01-01 0:50,28.31,28.07,24.79
1970-01-01 0:50,28.34,28.14,24.75
1970-01-01 0:50,28.41,28.17,24.75
1970-01-01 0:50,28.44,28.21,24.75
1970-01-01 0:50,28.48,28.27,24.75
1970-01-01 0:50,28.54,28.31,24.79
1970-01-01 0:50,28.54,28.31,24.75
1970-01-01 0:50,28.61,28.34,24.75
1970-01-01 0:50,28.61,28.41,24.79
1970-01-01 0:51,28.65,28.44,24.75
1970-01-01 0:51,28.65,28.44,24.79
1970-01-01 0:51,28.68,28.51,24.75
1970-01-01 0:51,28.71,28.51,24.79
1970-01-01 0:51,28.71,28.51,24.75
1970-01-01 0:51,28.68,28.51,24.75
1970-01-01 0:51,28.61,28.51,24.79
1970-01-01 0:51,28.44,28.37,24.75
1970-01-01 0:51,28.37,28.51,24.79
1970-01-01 0:51,28.41,28.58,24.79
1970-01-01 0:51,28.51,28.75,24.79
1970-01-01 0:51,28.58,28.92,24.79
1970-01-01 0:51,28.75,29.12,24.82
1970-01-01 0:51,28.81,29.25,24.79
1970-01-01 0:51,29.02,29.39,24.82
1970-01-01 0:51,29.05,29.29,24.79
1970-01-01 0:51,29.09,29.39,24.82
1970-01-01 0:51,29.32,29.46,24.82
1970-01-01 0:51,29.36,29.39,24.82
1970-01-01 0:51,29.36,29.32,24.82
1970-01-01 0:51,29.32,29.32,24.82
1970-01-01 0:51,29.32,29.29,24.82
1970-01-01 0:51,29.32,29.29,24.82
1970-01-01 0:51,29.29,29.29,24.79
1970-01-01 0:51,29.32,29.32,24.82
1970-01-01 0:51,29.32,29.32,24.82
1970-01-01 0:51,29.36,29.32,24.82
1970-01-01 0:51,29.36,29.32,24.85
1970-01-01 0:51,29.39,29.32,24.85
1970-01-01 0:51,29.39,29.36,24.82
1970-01-01 0:51,29.42,29.36,24.82
1970-01-01 0:51,29.42,29.36,24.82
1970-01-01 0:51,29.42,29.36,24.82
1970-01-01 0:51,29.46,29.39,24.85
1970-01-01 0:51,29.42,29.32,24.85
1970-01-01 0:51,29.39,29.25,24.82
1970-01-01 0:52,29.29,29.22,24.82
1970-01-01 0:52,29.22,29.12,24.82
1970-01-01 0:52,29.15,29.05,24.82
1970-01-01 0:52,29.12,28.95,24.85
1970-01-01 0:52,29.02,28.88,24.85
1970-01-01 0:52,28.95,28.81,24.85
1970-01-01 0:52,28.88,28.78,24.85
1970-01-01 0:52,28.81,28.68,24.85
1970-01-01 0:52,28.78,28.61,24.85
1970-01-01 0:52,28.71,28.54,24.85
1970-01-01 0:52,28.65,28.51,24.85
1970-01-01 0:52,28.58,28.44,24.85
1970-01-01 0:52,28.51,28.37,24.85
1970-01-01 0:52,28.44,28.31,24.82
1970-01-01 0:52,28.41,28.24,24.85
1970-01-01 0:52,28.34,28.17,24.85
1970-01-01 0:52,28.31,28.14,24.82
1970-01-01 0:52,28.24,28.07,24.85
1970-01-01 0:52,28.17,28,24.82
1970-01-01 0:52,28.14,27.97,24.85
1970-01-01 0:52,28.07,27.9,24.85
1970-01-01 0:52,28,27.87,24.85
1970-01-01 0:52,27.97,27.8,24.85
1970-01-01 0:52,27.93,27.76,24.89
1970-01-01 0:52,27.9,27.73,24.82
1970-01-01 0:52,27.83,27.7,24.85
1970-01-01 0:52,27.8,27.63,24.85
1970-01-01 0:52,27.73,27.63,24.85
1970-01-01 0:52,27.7,27.56,24.85
1970-01-01 0:52,27.63,27.49,24.85
1970-01-01 0:52,27.63,27.46,24.85
1970-01-01 0:52,27.56,27.43,24.89
1970-01-01 0:52,27.53,27.39,24.82
1970-01-01 0:52,27.49,27.36,24.85
1970-01-01 0:52,27.46,27.29,24.82
1970-01-01 0:52,27.39,27.26,24.85
1970-01-01 0:53,27.36,27.22,24.85
1970-01-01 0:53,27.32,27.16,24.85
1970-01-01 0:53,27.29,27.16,24.82
1970-01-01 0:53,27.22,27.09,24.85
1970-01-01 0:53,27.19,27.05,24.82
1970-01-01 0:53,27.16,27.02,24.82
1970-01-01 0:53,27.12,26.99,24.85
1970-01-01 0:53,27.09,26.95,24.85
1970-01-01 0:53,27.09,26.88,24.82
1970-01-01 0:53,27.02,26.88,24.82
1970-01-01 0:53,26.99,26.85,24.85
1970-01-01 0:53,26.95,26.82,24.85
1970-01-01 0:53,26.92,26.78,24.85
1970-01-01 0:53,26.88,26.75,24.85
1970-01-01 0:53,26.85,26.72,24.82
1970-01-01 0:53,26.82,26.72,24.82
1970-01-01 0:53,26.78,26.68,24.82
1970-01-01 0:53,26.78,26.65,24.82
1970-01-01 0:53,26.75,26.61,24.85
1970-01-01 0:53,26.68,26.58,24.85
1970-01-01 0:53,26.65,26.55,24.82
1970-01-01 0:53,26.61,26.51,24.82
1970-01-01 0:53,26.61,26.51,24.85
1970-01-01 0:53,26.58,26.48,24.85
1970-01-01 0:53,26.55,26.44,24.85
1970-01-01 0:53,26.51,26.41,24.82
1970-01-01 0:53,26.48,26.41,24.82
1970-01-01 0:53,26.48,26.38,24.82
1970-01-01 0:53,26.44,26.34,24.82
1970-01-01 0:53,26.41,26.31,24.85
1970-01-01 0:53,26.38,26.31,24.85
1970-01-01 0:53,26.34,26.28,24.85
1970-01-01 0:53,26.34,26.24,24.85
1970-01-01 0:53,26.31,26.24,24.82
1970-01-01 0:53,26.28,26.21,24.82
1970-01-01 0:54,26.28,26.14,24.82
1970-01-01 0:54,26.24,26.14,24.82
1970-01-01 0:54,26.21,26.11,24.82
1970-01-01 0:54,26.21,26.11,24.82
1970-01-01 0:54,26.17,26.11,24.82
1970-01-01 0:54,26.17,26.04,24.85
1970-01-01 0:54,26.14,26.04,24.82
1970-01-01 0:54,26.11,26.04,24.82
1970-01-01 0:54,26.07,26,24.82
1970-01-01 0:54,26.11,25.97,24.79
1970-01-01 0:54,26.07,25.97,24.82
1970-01-01 0:54,26.04,25.94,24.82
1970-01-01 0:54,26,25.94,24.79
1970-01-01 0:54,26,25.9,24.82
1970-01-01 0:54,26,25.87,24.82
1970-01-01 0:54,25.97,25.9,24.82
1970-01-01 0:54,25.97,25.84,24.82
1970-01-01 0:54,25.94,25.84,24.82
1970-01-01 0:54,25.94,25.84,24.82
1970-01-01 0:54,25.9,25.8,24.82
1970-01-01 0:54,25.87,25.8,24.82
1970-01-01 0:54,25.87,25.77,24.82
1970-01-01 0:54,25.84,25.77,24.82
1970-01-01 0:54,25.84,25.77,24.85
1970-01-01 0:54,25.84,25.73,24.82
1970-01-01 0:54,25.84,25.73,24.82
1970-01-01 0:54,25.8,25.73,24.82
1970-01-01 0:54,25.77,25.7,24.82
1970-01-01 0:54,25.77,25.7,24.82
1970-01-01 0:54,25.77,25.67,24.82
1970-01-01 0:54,25.73,25.67,24.82
1970-01-01 0:54,25.73,25.63,24.82
1970-01-01 0:54,25.7,25.63,24.82
1970-01-01 0:54,25.67,25.63,24.79
1970-01-01 0:54,25.67,25.63,24.82
1970-01-01 0:54,25.67,25.63,24.79
1970-01-01 0:55,25.67,25.57,24.82
1970-01-01 0:55,25.67,25.57,24.82
1970-01-01 0:55,25.63,25.57,24.82
1970-01-01 0:55,25.63,25.53,24.79
1970-01-01 0:55,25.6,25.53,24.79
1970-01-01 0:55,25.6,25.53,24.82
1970-01-01 0:55,25.6,25.5,24.79
1970-01-01 0:55,25.57,25.5,24.82
1970-01-01 0:55,25.53,25.5,24.79
1970-01-01 0:55,25.57,25.46,24.79
1970-01-01 0:55,25.53,25.46,24.82
1970-01-01 0:55,25.53,25.46,24.82
1970-01-01 0:55,25.5,25.46,24.79
1970-01-01 0:55,25.53,25.43,24.82
1970-01-01 0:55,25.46,25.43,24.82
1970-01-01 0:55,25.46,25.43,24.79
1970-01-01 0:55,25.46,25.4,24.79
1970-01-01 0:55,25.46,25.43,24.79
1970-01-01 0:55,25.46,25.4,24.79
1970-01-01 0:55,25.43,25.4,24.82
1970-01-01 0:55,25.43,25.4,24.79
1970-01-01 0:55,25.43,25.36,24.82
1970-01-01 0:55,25.43,25.36,24.79
1970-01-01 0:55,25.4,25.33,24.79
1970-01-01 0:55,25.4,25.33,24.79
1970-01-01 0:55,25.36,25.33,24.79
1970-01-01 0:55,25.4,25.33,24.79
1970-01-01 0:55,25.36,25.29,24.79
1970-01-01 0:55,25.36,25.29,24.79
1970-01-01 0:55,25.36,25.29,24.82
1970-01-01 0:55,25.36,25.29,24.82
1970-01-01 0:55,25.33,25.26,24.79
1970-01-01 0:55,25.33,25.29,24.79
1970-01-01 0:55,25.29,25.23,24.82
1970-01-01 0:55,25.33,25.26,24.79
1970-01-01 0:56,25.29,25.23,24.79
1970-01-01 0:56,25.26,25.23,24.79
1970-01-01 0:56,25.26,25.23,24.79
1970-01-01 0:56,25.29,25.23,24.92
1970-01-01 0:56,25.4,25.26,25.23
1970-01-01 0:56,25.7,25.87,25.6
1970-01-01 0:56,26.31,26.61,26
1970-01-01 0:56,26.92,27.29,26.48
1970-01-01 0:56,27.46,27.93,26.85
1970-01-01 0:56,27.97,28.44,27.19
1970-01-01 0:56,28.48,28.88,27.49
1970-01-01 0:56,28.98,29.32,27.73
1970-01-01 0:56,29.39,29.73,27.97
1970-01-01 0:56,29.73,30,28.14
1970-01-01 0:56,29.93,30.2,28.31
1970-01-01 0:56,30.14,30.3,28.44
1970-01-01 0:56,30.27,30.44,28.58
1970-01-01 0:56,30.37,30.54,28.68
1970-01-01 0:56,30.44,30.61,28.78
1970-01-01 0:56,30.54,30.75,28.88
1970-01-01 0:56,30.58,30.78,28.95
1970-01-01 0:56,30.61,30.81,29.02
1970-01-01 0:56,30.68,30.88,29.09
1970-01-01 0:56,30.71,30.95,29.15
1970-01-01 0:56,30.78,30.98,29.19
1970-01-01 0:56,30.81,31.02,29.25
1970-01-01 0:56,30.85,31.05,29.32
1970-01-01 0:56,30.88,31.08,29.32
1970-01-01 0:56,30.88,31.12,29.39
1970-01-01 0:56,30.88,31.12,29.42
1970-01-01 0:56,30.95,31.15,29.46
1970-01-01 0:56,30.95,31.19,29.49
1970-01-01 0:56,30.98,31.19,29.53
1970-01-01 0:56,30.98,31.22,29.56
1970-01-01 0:56,31.02,31.25,29.59
1970-01-01 0:56,31.05,31.25,29.63
1970-01-01 0:57,31.02,31.29,29.63
1970-01-01 0:57,31.05,31.29,29.66
1970-01-01 0:57,31.05,31.29,29.66
1970-01-01 0:57,31.08,31.32,29.7
1970-01-01 0:57,31.08,31.32,29.7
1970-01-01 0:57,31.05,31.22,29.7
1970-01-01 0:57,30.98,31.15,29.63
1970-01-01 0:57,30.91,31.05,29.59
1970-01-01 0:57,30.81,30.95,29.53
1970-01-01 0:57,30.78,30.85,29.46
1970-01-01 0:57,30.68,30.75,29.36
1970-01-01 0:57,30.61,30.64,29.29
1970-01-01 0:57,30.54,30.58,29.19
1970-01-01 0:57,30.41,30.44,29.15
1970-01-01 0:57,30.37,30.37,29.09
1970-01-01 0:57,30.3,30.27,29.02
1970-01-01 0:57,30.2,30.2,28.95
1970-01-01 0:57,30.14,30.1,28.88
1970-01-01 0:57,30.07,30,28.78
1970-01-01 0:57,29.97,29.9,28.75
1970-01-01 0:57,29.9,29.83,28.68
1970-01-01 0:57,29.83,29.76,28.58
1970-01-01 0:57,29.76,29.66,28.54
1970-01-01 0:57,29.7,29.63,28.41
1970-01-01 0:57,29.63,29.53,28.41
1970-01-01 0:57,29.56,29.46,28.31
1970-01-01 0:57,29.49,29.36,28.24
1970-01-01 0:57,29.42,29.25,28.21
1970-01-01 0:57,29.36,29.19,28.1
1970-01-01 0:57,29.25,29.12,28.07
1970-01-01 0:57,29.22,29.05,28
1970-01-01 0:57,29.15,28.98,27.93
1970-01-01 0:57,29.09,28.92,27.9
1970-01-01 0:57,29.02,28.81,27.87
1970-01-01 0:57,28.95,28.75,27.76
1970-01-01 0:58,28.88,28.65,27.73
1970-01-01 0:58,28.81,28.61,27.7
1970-01-01 0:58,28.78,28.54,27.63
1970-01-01 0:58,28.71,28.48,27.6
1970-01-01 0:58,28.65,28.41,27.53
1970-01-01 0:58,28.61,28.34,27.49
1970-01-01 0:58,28.54,28.31,27.43
1970-01-01 0:58,28.51,28.21,27.36
1970-01-01 0:58,28.44,28.17,27.29
1970-01-01 0:58,28.34,28.1,27.29
1970-01-01 0:58,28.34,28.04,27.19
1970-01-01 0:58,28.27,28.04,27.19
1970-01-01 0:58,28.21,27.97,27.12
1970-01-01 0:58,28.17,27.87,27.09
1970-01-01 0:58,28.1,27.83,27.05
1970-01-01 0:58,28.07,27.8,26.99
1970-01-01 0:58,28.04,27.76,26.95
1970-01-01 0:58,27.97,27.73,26.92
1970-01-01 0:58,27.9,27.7,26.88
1970-01-01 0:58,27.83,27.63,26.85
1970-01-01 0:58,27.8,27.6,26.82
1970-01-01 0:58,27.8,27.56,26.78
1970-01-01 0:58,27.7,27.56,26.75
1970-01-01 0:58,27.7,27.49,26.72
1970-01-01 0:58,27.63,27.43,26.68
1970-01-01 0:58,27.6,27.39,26.65
1970-01-01 0:58,27.53,27.36,26.65
1970-01-01 0:58,27.49,27.36,26.61
1970-01-01 0:58,27.46,27.29,26.61
1970-01-01 0:58,27.43,27.26,26.58
1970-01-01 0:58,27.39,27.22,26.55
1970-01-01 0:58,27.36,27.19,26.51
1970-01-01 0:58,27.32,27.16,26.48
1970-01-01 0:58,27.29,27.12,26.48
1970-01-01 0:58,27.26,27.09,26.44
1970-01-01 0:58,27.22,27.02,26.41
1970-01-01 0:59,27.16,27.02,26.41
1970-01-01 0:59,27.09,26.95,26.34
1970-01-01 0:59,27.05,26.92,26.34
1970-01-01 0:59,27.05,26.85,26.31
1970-01-01 0:59,27.02,26.85,26.28
1970-01-01 0:59,26.95,26.82,26.28
1970-01-01 0:59,26.92,26.78,26.21
1970-01-01 0:59,26.88,26.75,26.21
1970-01-01 0:59,26.88,26.72,26.17
1970-01-01 0:59,26.85,26.72,26.17
1970-01-01 0:59,26.82,26.65,26.14
1970-01-01 0:59,26.78,26.65,26.14
1970-01-01 0:59,26.75,26.61,26.07
1970-01-01 0:59,26.72,26.58,26.07
1970-01-01 0:59,26.72,26.58,26.07
1970-01-01 0:59,26.68,26.55,26.04
1970-01-01 0:59,26.65,26.55,26
1970-01-01 0:59,26.65,26.48,25.97
1970-01-01 0:59,26.58,26.48,25.97
1970-01-01 0:59,26.58,26.48,25.97
1970-01-01 0:59,26.55,26.44,25.94
1970-01-01 0:59,26.55,26.41,25.97
1970-01-01 0:59,26.51,26.68,25.9
1970-01-01 0:59,26.48,27.19,25.9
1970-01-01 0:59,26.44,27.7,25.9
1970-01-01 0:59,26.44,28.14,25.87
1970-01-01 0:59,26.41,28.58,25.87
1970-01-01 0:59,26.41,28.92,25.84
1970-01-01 0:59,26.41,29.15,25.84
1970-01-01 0:59,26.38,29.39,25.84
1970-01-01 0:59,26.34,29.56,25.8
1970-01-01 0:59,26.31,29.73,25.77
1970-01-01 0:59,26.31,29.76,25.73
1970-01-01 0:59,26.28,29.76,25.77
1970-01-01 0:59,26.28,29.73,25.77
1970-01-01 1:00,26.24,29.63,25.7
